
==============================================================================
opcode   temperature 0.0   step 8000   reinit rows 12
file opcode_greedy.json
==============================================================================
oracle_both is 1.000 everywhere: True
induction style=0: {"pages": 5400, "pages_parsed": 5400, "gold_ops": 8097, "induced_ops": 8097, "self_verified": 7678, "exact_text": 7644, "behavioural": 7644}
induction style=1: {"pages": 5400, "pages_parsed": 4977, "gold_ops": 8097, "induced_ops": 6741, "self_verified": 1281, "exact_text": 3515, "behavioural": 3546}

-- sequential, original wording, accuracy
   condition                 1       2       3       4       5       6       7       8      10      12      14      16      20      24      32
   plan_execute          1.000   1.000   1.000   0.013   0.027   0.007   0.020   0.020   0.040   0.033   0.013   0.020   0.007   0.000   0.033
   oracle_plan           1.000   1.000   1.000   1.000   1.000   1.000   1.000   1.000   1.000   1.000   1.000   1.000   1.000   1.000   1.000
   oracle_ops            1.000   1.000   1.000   0.013   0.027   0.007   0.020   0.020   0.040   0.033   0.013   0.020   0.007   0.000   0.033
   oracle_both           1.000   1.000   1.000   1.000   1.000   1.000   1.000   1.000   1.000   1.000   1.000   1.000   1.000   1.000   1.000
   n                       150     150     150     150     150     150     150     150     150     150     150     150     150     150     150
-- sequential, original wording, gap recovered
                             1       2       3       4       5       6       7       8      10      12      14      16      20      24      32
   floor (original)      1.000   0.480   0.500   0.020   0.033   0.020   0.007   0.013       .       .       .       .       .       .       .
   plan_execute (raw)    1.000   1.000   1.000   0.013   0.027   0.007   0.020   0.020   0.040   0.033   0.013   0.020   0.007   0.000   0.033
   ceiling oracle_plan   1.000   1.000   1.000   1.000   1.000   1.000   1.000   1.000   1.000   1.000   1.000   1.000   1.000   1.000   1.000
   gap recovered             .   1.000   1.000  -0.007  -0.007  -0.014   0.013   0.007       .       .       .       .       .       .       .
-- sequential, original wording, plan_parses
   condition                 1       2       3       4       5       6       7       8      10      12      14      16      20      24      32
   plan_execute          1.000   1.000   1.000   1.000   1.000   1.000   1.000   1.000   1.000   1.000   1.000   1.000   1.000   1.000   1.000
   oracle_plan           1.000   1.000   1.000   1.000   1.000   1.000   1.000   1.000   1.000   1.000   1.000   1.000   1.000   1.000   1.000
   oracle_ops            1.000   1.000   1.000   1.000   1.000   1.000   1.000   1.000   1.000   1.000   1.000   1.000   1.000   1.000   1.000
   oracle_both           1.000   1.000   1.000   1.000   1.000   1.000   1.000   1.000   1.000   1.000   1.000   1.000   1.000   1.000   1.000
   n                       150     150     150     150     150     150     150     150     150     150     150     150     150     150     150
-- sequential, original wording, well_typed
   condition                 1       2       3       4       5       6       7       8      10      12      14      16      20      24      32
   plan_execute          1.000   1.000   1.000   1.000   1.000   1.000   1.000   1.000   1.000   1.000   1.000   1.000   1.000   1.000   1.000
   oracle_plan           1.000   1.000   1.000   1.000   1.000   1.000   1.000   1.000   1.000   1.000   1.000   1.000   1.000   1.000   1.000
   oracle_ops            1.000   1.000   1.000   1.000   1.000   1.000   1.000   1.000   1.000   1.000   1.000   1.000   1.000   1.000   1.000
   oracle_both           1.000   1.000   1.000   1.000   1.000   1.000   1.000   1.000   1.000   1.000   1.000   1.000   1.000   1.000   1.000
   n                       150     150     150     150     150     150     150     150     150     150     150     150     150     150     150
-- sequential, original wording, exact_gold_plan
   condition                 1       2       3       4       5       6       7       8      10      12      14      16      20      24      32
   plan_execute          1.000   1.000   1.000   0.000   0.000   0.000   0.000   0.000   0.000   0.000   0.000   0.000   0.000   0.000   0.000
   oracle_plan           1.000   1.000   1.000   1.000   1.000   1.000   1.000   1.000   1.000   1.000   1.000   1.000   1.000   1.000   1.000
   oracle_ops            1.000   1.000   1.000   0.000   0.000   0.000   0.000   0.000   0.000   0.000   0.000   0.000   0.000   0.000   0.000
   oracle_both           1.000   1.000   1.000   1.000   1.000   1.000   1.000   1.000   1.000   1.000   1.000   1.000   1.000   1.000   1.000
   n                       150     150     150     150     150     150     150     150     150     150     150     150     150     150     150
-- sequential, original wording, parsed_but_wrong
   condition                 1       2       3       4       5       6       7       8      10      12      14      16      20      24      32
   plan_execute          0.000   0.000   0.000   0.987   0.973   0.993   0.980   0.980   0.960   0.967   0.987   0.980   0.993   1.000   0.967
   oracle_plan           0.000   0.000   0.000   0.000   0.000   0.000   0.000   0.000   0.000   0.000   0.000   0.000   0.000   0.000   0.000
   oracle_ops            0.000   0.000   0.000   0.987   0.973   0.993   0.980   0.980   0.960   0.967   0.987   0.980   0.993   1.000   0.967
   oracle_both           0.000   0.000   0.000   0.000   0.000   0.000   0.000   0.000   0.000   0.000   0.000   0.000   0.000   0.000   0.000
   n                       150     150     150     150     150     150     150     150     150     150     150     150     150     150     150
   shape plan_execute         {"span": 1.0, "first": 1.0, "last": 0.0333, "largest_single_step_drop": {"from_depth": 3, "to_depth": 4, "drop": 0.9867}, "decay_per_depth": 0.0962, "half_life_depths": 7.21, "fit_over_depths": [1, 2, 3, 4, 5, 6, 7, 8, 10, 12, 14, 16, 20, 32], "shape": "cliff"}
   shape oracle_plan          {"span": 0.0, "first": 1.0, "last": 1.0, "largest_single_step_drop": {"from_depth": 1, "to_depth": 2, "drop": 0.0}, "decay_per_depth": -0.0, "fit_over_depths": [1, 2, 3, 4, 5, 6, 7, 8, 10, 12, 14, 16, 20, 24, 32], "shape": "flat"}
   shape oracle_ops           {"span": 1.0, "first": 1.0, "last": 0.0333, "largest_single_step_drop": {"from_depth": 3, "to_depth": 4, "drop": 0.9867}, "decay_per_depth": 0.0962, "half_life_depths": 7.21, "fit_over_depths": [1, 2, 3, 4, 5, 6, 7, 8, 10, 12, 14, 16, 20, 32], "shape": "cliff"}
   shape oracle_both          {"span": 0.0, "first": 1.0, "last": 1.0, "largest_single_step_drop": {"from_depth": 1, "to_depth": 2, "drop": 0.0}, "decay_per_depth": -0.0, "fit_over_depths": [1, 2, 3, 4, 5, 6, 7, 8, 10, 12, 14, 16, 20, 24, 32], "shape": "flat"}

-- novel, original wording, accuracy
   condition                 2       3       4       5       6       8      12      16      24      32
   plan_execute          0.013   0.007   0.027   0.007   0.007   0.020   0.013   0.027   0.000   0.013
   oracle_plan           1.000   1.000   1.000   1.000   1.000   1.000   1.000   1.000   1.000   1.000
   oracle_ops            0.013   0.007   0.027   0.007   0.007   0.020   0.013   0.027   0.000   0.013
   oracle_both           1.000   1.000   1.000   1.000   1.000   1.000   1.000   1.000   1.000   1.000
   n                       150     150     150     150     150     150     150     150     150     150
-- novel, original wording, gap recovered
                             2       3       4       5       6       8      12      16      24      32
   floor (original)      0.013   0.013   0.013   0.013   0.013   0.013   0.013   0.013   0.013   0.013
   plan_execute (raw)    0.013   0.007   0.027   0.007   0.007   0.020   0.013   0.027   0.000   0.013
   ceiling oracle_plan   1.000   1.000   1.000   1.000   1.000   1.000   1.000   1.000   1.000   1.000
   gap recovered         0.000  -0.006   0.014  -0.006  -0.006   0.007   0.000   0.014  -0.013   0.000
-- novel, original wording, plan_parses
   condition                 2       3       4       5       6       8      12      16      24      32
   plan_execute          1.000   1.000   1.000   0.987   0.993   1.000   1.000   1.000   1.000   0.993
   oracle_plan           1.000   1.000   1.000   1.000   1.000   1.000   1.000   1.000   1.000   1.000
   oracle_ops            1.000   1.000   1.000   0.987   0.993   1.000   1.000   1.000   1.000   0.993
   oracle_both           1.000   1.000   1.000   1.000   1.000   1.000   1.000   1.000   1.000   1.000
   n                       150     150     150     150     150     150     150     150     150     150
-- novel, original wording, well_typed
   condition                 2       3       4       5       6       8      12      16      24      32
   plan_execute          1.000   1.000   1.000   0.987   0.993   1.000   0.973   0.993   0.980   0.987
   oracle_plan           1.000   1.000   1.000   1.000   1.000   1.000   1.000   1.000   1.000   1.000
   oracle_ops            1.000   1.000   1.000   0.987   0.993   1.000   0.973   0.993   0.980   0.987
   oracle_both           1.000   1.000   1.000   1.000   1.000   1.000   1.000   1.000   1.000   1.000
   n                       150     150     150     150     150     150     150     150     150     150
-- novel, original wording, exact_gold_plan
   condition                 2       3       4       5       6       8      12      16      24      32
   plan_execute          0.000   0.000   0.000   0.000   0.000   0.000   0.000   0.000   0.000   0.000
   oracle_plan           1.000   1.000   1.000   1.000   1.000   1.000   1.000   1.000   1.000   1.000
   oracle_ops            0.000   0.000   0.000   0.000   0.000   0.000   0.000   0.000   0.000   0.000
   oracle_both           1.000   1.000   1.000   1.000   1.000   1.000   1.000   1.000   1.000   1.000
   n                       150     150     150     150     150     150     150     150     150     150
-- novel, original wording, parsed_but_wrong
   condition                 2       3       4       5       6       8      12      16      24      32
   plan_execute          0.987   0.993   0.973   0.980   0.987   0.980   0.987   0.973   1.000   0.980
   oracle_plan           0.000   0.000   0.000   0.000   0.000   0.000   0.000   0.000   0.000   0.000
   oracle_ops            0.987   0.993   0.973   0.980   0.987   0.980   0.987   0.973   1.000   0.980
   oracle_both           0.000   0.000   0.000   0.000   0.000   0.000   0.000   0.000   0.000   0.000
   n                       150     150     150     150     150     150     150     150     150     150
   shape plan_execute         {"span": 0.0267, "first": 0.0133, "last": 0.0133, "largest_single_step_drop": {"from_depth": 16, "to_depth": 24, "drop": 0.0267}, "decay_per_depth": -0.0141, "fit_over_depths": [2, 3, 4, 5, 6, 8, 12, 16, 32], "shape": "flat"}
   shape oracle_plan          {"span": 0.0, "first": 1.0, "last": 1.0, "largest_single_step_drop": {"from_depth": 2, "to_depth": 3, "drop": 0.0}, "decay_per_depth": -0.0, "fit_over_depths": [2, 3, 4, 5, 6, 8, 12, 16, 24, 32], "shape": "flat"}
   shape oracle_ops           {"span": 0.0267, "first": 0.0133, "last": 0.0133, "largest_single_step_drop": {"from_depth": 16, "to_depth": 24, "drop": 0.0267}, "decay_per_depth": -0.0141, "fit_over_depths": [2, 3, 4, 5, 6, 8, 12, 16, 32], "shape": "flat"}
   shape oracle_both          {"span": 0.0, "first": 1.0, "last": 1.0, "largest_single_step_drop": {"from_depth": 2, "to_depth": 3, "drop": 0.0}, "decay_per_depth": -0.0, "fit_over_depths": [2, 3, 4, 5, 6, 8, 12, 16, 24, 32], "shape": "flat"}

-- breadth, original wording, accuracy
   condition                 1       2       3       4       5       6
   plan_execute          1.000   1.000   1.000   0.380   0.327   0.173
   oracle_plan           1.000   1.000   1.000   0.000   0.000   0.000
   oracle_ops            1.000   1.000   1.000   0.000   0.000   0.000
   oracle_both           1.000   1.000   1.000   1.000   1.000   1.000
   n                       150     150     150     150     150     150
-- breadth, original wording, gap recovered
                             1       2       3       4       5       6
   floor (original)          .       .       .   0.420       .       .
   plan_execute (raw)    1.000   1.000   1.000   0.380   0.327   0.173
   ceiling oracle_plan   1.000   1.000   1.000   0.000   0.000   0.000
   gap recovered             .       .       .       .       .       .
-- breadth, original wording, plan_parses
   condition                 1       2       3       4       5       6
   plan_execute          1.000   1.000   1.000   1.000   1.000   1.000
   oracle_plan           1.000   1.000   1.000   1.000   1.000   1.000
   oracle_ops            1.000   1.000   1.000   1.000   1.000   1.000
   oracle_both           1.000   1.000   1.000   1.000   1.000   1.000
   n                       150     150     150     150     150     150
-- breadth, original wording, well_typed
   condition                 1       2       3       4       5       6
   plan_execute          1.000   1.000   1.000   1.000   1.000   1.000
   oracle_plan           1.000   1.000   1.000   0.000   0.000   0.000
   oracle_ops            1.000   1.000   1.000   0.000   0.000   0.000
   oracle_both           1.000   1.000   1.000   1.000   1.000   1.000
   n                       150     150     150     150     150     150
-- breadth, original wording, exact_gold_plan
   condition                 1       2       3       4       5       6
   plan_execute          1.000   1.000   1.000   0.000   0.000   0.000
   oracle_plan           1.000   1.000   1.000   1.000   1.000   1.000
   oracle_ops            1.000   1.000   1.000   0.000   0.000   0.000
   oracle_both           1.000   1.000   1.000   1.000   1.000   1.000
   n                       150     150     150     150     150     150
-- breadth, original wording, parsed_but_wrong
   condition                 1       2       3       4       5       6
   plan_execute          0.000   0.000   0.000   0.620   0.673   0.827
   oracle_plan           0.000   0.000   0.000   1.000   1.000   1.000
   oracle_ops            0.000   0.000   0.000   1.000   1.000   1.000
   oracle_both           0.000   0.000   0.000   0.000   0.000   0.000
   n                       150     150     150     150     150     150
   shape plan_execute         {"span": 0.8267, "first": 1.0, "last": 0.1733, "largest_single_step_drop": {"from_depth": 3, "to_depth": 4, "drop": 0.62}, "decay_per_depth": 0.3739, "half_life_depths": 1.85, "fit_over_depths": [1, 2, 3, 4, 5, 6], "shape": "cliff"}
   shape oracle_plan          {"span": 1.0, "first": 1.0, "last": 0.0, "largest_single_step_drop": {"from_depth": 3, "to_depth": 4, "drop": 1.0}, "decay_per_depth": -0.0, "fit_over_depths": [1, 2, 3], "shape": "cliff"}
   shape oracle_ops           {"span": 1.0, "first": 1.0, "last": 0.0, "largest_single_step_drop": {"from_depth": 3, "to_depth": 4, "drop": 1.0}, "decay_per_depth": -0.0, "fit_over_depths": [1, 2, 3], "shape": "cliff"}
   shape oracle_both          {"span": 0.0, "first": 1.0, "last": 1.0, "largest_single_step_drop": {"from_depth": 1, "to_depth": 2, "drop": 0.0}, "decay_per_depth": -0.0, "fit_over_depths": [1, 2, 3, 4, 5, 6], "shape": "flat"}

-- sequential_paren, original wording, accuracy
   condition                 2       3       4       5       6
   plan_execute          1.000   1.000   0.053   0.027   0.007
   oracle_plan           1.000   1.000   1.000   1.000   1.000
   oracle_ops            1.000   1.000   0.053   0.027   0.007
   oracle_both           1.000   1.000   1.000   1.000   1.000
   n                       150     150     150     150     150
-- sequential_paren, original wording, gap recovered
                             2       3       4       5       6
   floor (original)          .       .       .       .       .
   plan_execute (raw)    1.000   1.000   0.053   0.027   0.007
   ceiling oracle_plan   1.000   1.000   1.000   1.000   1.000
   gap recovered             .       .       .       .       .
-- sequential_paren, original wording, plan_parses
   condition                 2       3       4       5       6
   plan_execute          1.000   1.000   1.000   0.993   0.980
   oracle_plan           1.000   1.000   1.000   1.000   1.000
   oracle_ops            1.000   1.000   1.000   0.993   0.980
   oracle_both           1.000   1.000   1.000   1.000   1.000
   n                       150     150     150     150     150
-- sequential_paren, original wording, well_typed
   condition                 2       3       4       5       6
   plan_execute          1.000   1.000   1.000   0.993   0.980
   oracle_plan           1.000   1.000   1.000   1.000   1.000
   oracle_ops            1.000   1.000   1.000   0.993   0.980
   oracle_both           1.000   1.000   1.000   1.000   1.000
   n                       150     150     150     150     150
-- sequential_paren, original wording, exact_gold_plan
   condition                 2       3       4       5       6
   plan_execute          1.000   1.000   0.000   0.000   0.000
   oracle_plan           1.000   1.000   1.000   1.000   1.000
   oracle_ops            1.000   1.000   0.000   0.000   0.000
   oracle_both           1.000   1.000   1.000   1.000   1.000
   n                       150     150     150     150     150
-- sequential_paren, original wording, parsed_but_wrong
   condition                 2       3       4       5       6
   plan_execute          0.000   0.000   0.947   0.967   0.973
   oracle_plan           0.000   0.000   0.000   0.000   0.000
   oracle_ops            0.000   0.000   0.947   0.967   0.973
   oracle_both           0.000   0.000   0.000   0.000   0.000
   n                       150     150     150     150     150
   shape plan_execute         {"span": 0.9933, "first": 1.0, "last": 0.0067, "largest_single_step_drop": {"from_depth": 3, "to_depth": 4, "drop": 0.9467}, "decay_per_depth": 1.3634, "half_life_depths": 0.51, "fit_over_depths": [2, 3, 4, 5, 6], "shape": "cliff"}
   shape oracle_plan          {"span": 0.0, "first": 1.0, "last": 1.0, "largest_single_step_drop": {"from_depth": 2, "to_depth": 3, "drop": 0.0}, "decay_per_depth": -0.0, "fit_over_depths": [2, 3, 4, 5, 6], "shape": "flat"}
   shape oracle_ops           {"span": 0.9933, "first": 1.0, "last": 0.0067, "largest_single_step_drop": {"from_depth": 3, "to_depth": 4, "drop": 0.9467}, "decay_per_depth": 1.3634, "half_life_depths": 0.51, "fit_over_depths": [2, 3, 4, 5, 6], "shape": "cliff"}
   shape oracle_both          {"span": 0.0, "first": 1.0, "last": 1.0, "largest_single_step_drop": {"from_depth": 2, "to_depth": 3, "drop": 0.0}, "decay_per_depth": -0.0, "fit_over_depths": [2, 3, 4, 5, 6], "shape": "flat"}

-- sequential, paraphrase wording, accuracy
   condition                 1       2       3       4       5       6       7       8      10      12      14      16      20      24      32
   plan_execute@para     0.860   0.400   0.453   0.007   0.020   0.020   0.013   0.007   0.027   0.007   0.013   0.020   0.000   0.007   0.013
   oracle_plan@para      0.867   0.867   0.867   0.847   0.880   0.860   0.847   0.820   0.840   0.847   0.847   0.833   0.880   0.820   0.847
   oracle_ops@para       1.000   1.000   1.000   0.013   0.027   0.007   0.020   0.020   0.040   0.033   0.013   0.020   0.007   0.000   0.033
   oracle_both@para      1.000   1.000   1.000   1.000   1.000   1.000   1.000   1.000   1.000   1.000   1.000   1.000   1.000   1.000   1.000
   n                       150     150     150     150     150     150     150     150     150     150     150     150     150     150     150
-- sequential, paraphrase wording, gap recovered
                             1       2       3       4       5       6       7       8      10      12      14      16      20      24      32
   floor (original)      0.600   0.313   0.293   0.007   0.027   0.020   0.007   0.007       .       .       .       .       .       .       .
   plan_execute (raw)    0.860   0.400   0.453   0.007   0.020   0.020   0.013   0.007   0.027   0.007   0.013   0.020   0.000   0.007   0.013
   ceiling oracle_plan   0.867   0.867   0.867   0.847   0.880   0.860   0.847   0.820   0.840   0.847   0.847   0.833   0.880   0.820   0.847
   gap recovered         0.975   0.157   0.279  -0.000  -0.008   0.000   0.008  -0.000       .       .       .       .       .       .       .
-- sequential, paraphrase wording, plan_parses
   condition                 1       2       3       4       5       6       7       8      10      12      14      16      20      24      32
   plan_execute@para     0.967   0.987   0.980   0.980   0.987   0.987   0.973   0.960   0.987   0.973   0.973   0.973   0.987   0.973   0.980
   oracle_plan@para      0.867   0.867   0.867   0.853   0.880   0.860   0.853   0.827   0.840   0.853   0.853   0.840   0.880   0.827   0.853
   oracle_ops@para       1.000   1.000   1.000   1.000   1.000   1.000   1.000   1.000   1.000   1.000   1.000   1.000   1.000   1.000   1.000
   oracle_both@para      1.000   1.000   1.000   1.000   1.000   1.000   1.000   1.000   1.000   1.000   1.000   1.000   1.000   1.000   1.000
   n                       150     150     150     150     150     150     150     150     150     150     150     150     150     150     150
-- sequential, paraphrase wording, well_typed
   condition                 1       2       3       4       5       6       7       8      10      12      14      16      20      24      32
   plan_execute@para     0.920   0.940   0.940   0.920   0.940   0.940   0.940   0.940   0.947   0.933   0.927   0.947   0.940   0.933   0.940
   oracle_plan@para      0.867   0.867   0.867   0.853   0.880   0.860   0.853   0.827   0.840   0.853   0.853   0.840   0.880   0.827   0.853
   oracle_ops@para       1.000   1.000   1.000   1.000   1.000   1.000   1.000   1.000   1.000   1.000   1.000   1.000   1.000   1.000   1.000
   oracle_both@para      1.000   1.000   1.000   1.000   1.000   1.000   1.000   1.000   1.000   1.000   1.000   1.000   1.000   1.000   1.000
   n                       150     150     150     150     150     150     150     150     150     150     150     150     150     150     150
-- sequential, paraphrase wording, exact_gold_plan
   condition                 1       2       3       4       5       6       7       8      10      12      14      16      20      24      32
   plan_execute@para     0.860   0.393   0.453   0.000   0.000   0.000   0.000   0.000   0.000   0.000   0.000   0.000   0.000   0.000   0.000
   oracle_plan@para      0.867   0.867   0.867   0.853   0.880   0.860   0.853   0.827   0.840   0.853   0.853   0.840   0.880   0.827   0.853
   oracle_ops@para       1.000   1.000   1.000   0.000   0.000   0.000   0.000   0.000   0.000   0.000   0.000   0.000   0.000   0.000   0.000
   oracle_both@para      1.000   1.000   1.000   1.000   1.000   1.000   1.000   1.000   1.000   1.000   1.000   1.000   1.000   1.000   1.000
   n                       150     150     150     150     150     150     150     150     150     150     150     150     150     150     150
-- sequential, paraphrase wording, parsed_but_wrong
   condition                 1       2       3       4       5       6       7       8      10      12      14      16      20      24      32
   plan_execute@para     0.107   0.587   0.527   0.973   0.967   0.967   0.960   0.953   0.960   0.967   0.960   0.953   0.987   0.967   0.967
   oracle_plan@para      0.000   0.000   0.000   0.007   0.000   0.000   0.007   0.007   0.000   0.007   0.007   0.007   0.000   0.007   0.007
   oracle_ops@para       0.000   0.000   0.000   0.987   0.973   0.993   0.980   0.980   0.960   0.967   0.987   0.980   0.993   1.000   0.967
   oracle_both@para      0.000   0.000   0.000   0.000   0.000   0.000   0.000   0.000   0.000   0.000   0.000   0.000   0.000   0.000   0.000
   n                       150     150     150     150     150     150     150     150     150     150     150     150     150     150     150
   shape plan_execute@para    {"span": 0.86, "first": 0.86, "last": 0.0133, "largest_single_step_drop": {"from_depth": 1, "to_depth": 2, "drop": 0.46}, "decay_per_depth": 0.0973, "half_life_depths": 7.13, "fit_over_depths": [1, 2, 3, 4, 5, 6, 7, 8, 10, 12, 14, 16, 24, 32], "shape": "cliff"}
   shape oracle_plan@para     {"span": 0.06, "first": 0.8667, "last": 0.8467, "largest_single_step_drop": {"from_depth": 20, "to_depth": 24, "drop": 0.06}, "decay_per_depth": 0.0009, "half_life_depths": 783.08, "fit_over_depths": [1, 2, 3, 4, 5, 6, 7, 8, 10, 12, 14, 16, 20, 24, 32], "shape": "flat"}
   shape oracle_ops@para      {"span": 1.0, "first": 1.0, "last": 0.0333, "largest_single_step_drop": {"from_depth": 3, "to_depth": 4, "drop": 0.9867}, "decay_per_depth": 0.0962, "half_life_depths": 7.21, "fit_over_depths": [1, 2, 3, 4, 5, 6, 7, 8, 10, 12, 14, 16, 20, 32], "shape": "cliff"}
   shape oracle_both@para     {"span": 0.0, "first": 1.0, "last": 1.0, "largest_single_step_drop": {"from_depth": 1, "to_depth": 2, "drop": 0.0}, "decay_per_depth": -0.0, "fit_over_depths": [1, 2, 3, 4, 5, 6, 7, 8, 10, 12, 14, 16, 20, 24, 32], "shape": "flat"}

-- novel, paraphrase wording, accuracy
   condition                 2       3       4       5       6       8      12      16      24      32
   plan_execute@para     0.013   0.027   0.013   0.007   0.007   0.013   0.007   0.020   0.013   0.013
   oracle_plan@para      0.680   0.680   0.660   0.673   0.653   0.647   0.647   0.647   0.647   0.647
   oracle_ops@para       0.013   0.007   0.027   0.007   0.007   0.020   0.013   0.027   0.000   0.013
   oracle_both@para      1.000   1.000   1.000   1.000   1.000   1.000   1.000   1.000   1.000   1.000
   n                       150     150     150     150     150     150     150     150     150     150
-- novel, paraphrase wording, gap recovered
                             2       3       4       5       6       8      12      16      24      32
   floor (original)          .       .       .       .       .       .       .       .       .       .
   plan_execute (raw)    0.013   0.027   0.013   0.007   0.007   0.013   0.007   0.020   0.013   0.013
   ceiling oracle_plan   0.680   0.680   0.660   0.673   0.653   0.647   0.647   0.647   0.647   0.647
   gap recovered             .       .       .       .       .       .       .       .       .       .
-- novel, paraphrase wording, plan_parses
   condition                 2       3       4       5       6       8      12      16      24      32
   plan_execute@para     0.980   0.993   0.960   0.960   0.967   0.960   0.973   0.987   0.980   0.987
   oracle_plan@para      0.700   0.700   0.700   0.700   0.700   0.700   0.700   0.700   0.700   0.700
   oracle_ops@para       1.000   1.000   1.000   0.987   0.993   1.000   1.000   1.000   1.000   0.993
   oracle_both@para      1.000   1.000   1.000   1.000   1.000   1.000   1.000   1.000   1.000   1.000
   n                       150     150     150     150     150     150     150     150     150     150
-- novel, paraphrase wording, well_typed
   condition                 2       3       4       5       6       8      12      16      24      32
   plan_execute@para     0.933   0.947   0.920   0.927   0.927   0.927   0.927   0.953   0.940   0.947
   oracle_plan@para      0.700   0.700   0.700   0.700   0.700   0.700   0.700   0.700   0.700   0.700
   oracle_ops@para       1.000   1.000   1.000   0.987   0.993   1.000   0.973   0.993   0.980   0.987
   oracle_both@para      1.000   1.000   1.000   1.000   1.000   1.000   1.000   1.000   1.000   1.000
   n                       150     150     150     150     150     150     150     150     150     150
-- novel, paraphrase wording, exact_gold_plan
   condition                 2       3       4       5       6       8      12      16      24      32
   plan_execute@para     0.000   0.000   0.000   0.000   0.000   0.000   0.000   0.000   0.000   0.000
   oracle_plan@para      0.700   0.700   0.700   0.700   0.700   0.700   0.700   0.700   0.700   0.700
   oracle_ops@para       0.000   0.000   0.000   0.000   0.000   0.000   0.000   0.000   0.000   0.000
   oracle_both@para      1.000   1.000   1.000   1.000   1.000   1.000   1.000   1.000   1.000   1.000
   n                       150     150     150     150     150     150     150     150     150     150
-- novel, paraphrase wording, parsed_but_wrong
   condition                 2       3       4       5       6       8      12      16      24      32
   plan_execute@para     0.967   0.967   0.947   0.953   0.960   0.947   0.967   0.967   0.967   0.973
   oracle_plan@para      0.020   0.020   0.040   0.027   0.047   0.053   0.053   0.053   0.053   0.053
   oracle_ops@para       0.987   0.993   0.973   0.980   0.987   0.980   0.987   0.973   1.000   0.980
   oracle_both@para      0.000   0.000   0.000   0.000   0.000   0.000   0.000   0.000   0.000   0.000
   n                       150     150     150     150     150     150     150     150     150     150
   shape plan_execute@para    {"span": 0.02, "first": 0.0133, "last": 0.0133, "largest_single_step_drop": {"from_depth": 3, "to_depth": 4, "drop": 0.0134}, "decay_per_depth": -0.0039, "fit_over_depths": [2, 3, 4, 5, 6, 8, 12, 16, 24, 32], "shape": "flat"}
   shape oracle_plan@para     {"span": 0.0333, "first": 0.68, "last": 0.6467, "largest_single_step_drop": {"from_depth": 3, "to_depth": 4, "drop": 0.02}, "decay_per_depth": 0.0015, "half_life_depths": 471.34, "fit_over_depths": [2, 3, 4, 5, 6, 8, 12, 16, 24, 32], "shape": "flat"}
   shape oracle_ops@para      {"span": 0.0267, "first": 0.0133, "last": 0.0133, "largest_single_step_drop": {"from_depth": 16, "to_depth": 24, "drop": 0.0267}, "decay_per_depth": -0.0141, "fit_over_depths": [2, 3, 4, 5, 6, 8, 12, 16, 32], "shape": "flat"}
   shape oracle_both@para     {"span": 0.0, "first": 1.0, "last": 1.0, "largest_single_step_drop": {"from_depth": 2, "to_depth": 3, "drop": 0.0}, "decay_per_depth": -0.0, "fit_over_depths": [2, 3, 4, 5, 6, 8, 12, 16, 24, 32], "shape": "flat"}

-- breadth, paraphrase wording, accuracy
   condition                 1       2       3       4       5       6
   plan_execute@para     0.887   0.020   0.833   0.420   0.273   0.167
   oracle_plan@para      0.887   0.020   0.833   0.000   0.000   0.000
   oracle_ops@para       1.000   1.000   1.000   0.000   0.000   0.000
   oracle_both@para      1.000   1.000   1.000   1.000   1.000   1.000
   n                       150     150     150     150     150     150
-- breadth, paraphrase wording, gap recovered
                             1       2       3       4       5       6
   floor (original)          .       .       .       .       .       .
   plan_execute (raw)    0.887   0.020   0.833   0.420   0.273   0.167
   ceiling oracle_plan   0.887   0.020   0.833   0.000   0.000   0.000
   gap recovered             .       .       .       .       .       .
-- breadth, paraphrase wording, plan_parses
   condition                 1       2       3       4       5       6
   plan_execute@para     0.967   0.993   1.000   1.000   1.000   1.000
   oracle_plan@para      0.887   0.900   0.927   0.933   0.987   0.967
   oracle_ops@para       1.000   1.000   1.000   1.000   1.000   1.000
   oracle_both@para      1.000   1.000   1.000   1.000   1.000   1.000
   n                       150     150     150     150     150     150
-- breadth, paraphrase wording, well_typed
   condition                 1       2       3       4       5       6
   plan_execute@para     0.887   0.020   0.927   0.920   0.987   0.947
   oracle_plan@para      0.887   0.020   0.927   0.000   0.000   0.000
   oracle_ops@para       1.000   1.000   1.000   0.000   0.000   0.000
   oracle_both@para      1.000   1.000   1.000   1.000   1.000   1.000
   n                       150     150     150     150     150     150
-- breadth, paraphrase wording, exact_gold_plan
   condition                 1       2       3       4       5       6
   plan_execute@para     0.887   0.900   0.927   0.000   0.000   0.000
   oracle_plan@para      0.887   0.900   0.927   0.933   0.987   0.967
   oracle_ops@para       1.000   1.000   1.000   0.000   0.000   0.000
   oracle_both@para      1.000   1.000   1.000   1.000   1.000   1.000
   n                       150     150     150     150     150     150
-- breadth, paraphrase wording, parsed_but_wrong
   condition                 1       2       3       4       5       6
   plan_execute@para     0.080   0.973   0.167   0.580   0.727   0.833
   oracle_plan@para      0.000   0.880   0.093   0.933   0.987   0.967
   oracle_ops@para       0.000   0.000   0.000   1.000   1.000   1.000
   oracle_both@para      0.000   0.000   0.000   0.000   0.000   0.000
   n                       150     150     150     150     150     150
   shape plan_execute@para    {"span": 0.8667, "first": 0.8867, "last": 0.1667, "largest_single_step_drop": {"from_depth": 1, "to_depth": 2, "drop": 0.8667}, "decay_per_depth": 0.0342, "half_life_depths": 20.26, "fit_over_depths": [1, 2, 3, 4, 5, 6], "shape": "cliff"}
   shape oracle_plan@para     {"span": 0.8867, "first": 0.8867, "last": 0.0, "largest_single_step_drop": {"from_depth": 1, "to_depth": 2, "drop": 0.8667}, "decay_per_depth": 0.0311, "half_life_depths": 22.32, "fit_over_depths": [1, 2, 3], "shape": "cliff"}
   shape oracle_ops@para      {"span": 1.0, "first": 1.0, "last": 0.0, "largest_single_step_drop": {"from_depth": 3, "to_depth": 4, "drop": 1.0}, "decay_per_depth": -0.0, "fit_over_depths": [1, 2, 3], "shape": "cliff"}
   shape oracle_both@para     {"span": 0.0, "first": 1.0, "last": 1.0, "largest_single_step_drop": {"from_depth": 1, "to_depth": 2, "drop": 0.0}, "decay_per_depth": -0.0, "fit_over_depths": [1, 2, 3, 4, 5, 6], "shape": "flat"}

-- sequential_paren, paraphrase wording, accuracy
   condition                 2       3       4       5       6
   plan_execute@para     0.847   0.820   0.033   0.020   0.000
   oracle_plan@para      0.847   0.827   0.860   0.827   0.827
   oracle_ops@para       1.000   1.000   0.053   0.027   0.007
   oracle_both@para      1.000   1.000   1.000   1.000   1.000
   n                       150     150     150     150     150
-- sequential_paren, paraphrase wording, gap recovered
                             2       3       4       5       6
   floor (original)          .       .       .       .       .
   plan_execute (raw)    0.847   0.820   0.033   0.020   0.000
   ceiling oracle_plan   0.847   0.827   0.860   0.827   0.827
   gap recovered             .       .       .       .       .
-- sequential_paren, paraphrase wording, plan_parses
   condition                 2       3       4       5       6
   plan_execute@para     0.940   0.947   0.947   0.933   0.900
   oracle_plan@para      0.853   0.840   0.860   0.853   0.853
   oracle_ops@para       1.000   1.000   1.000   0.993   0.980
   oracle_both@para      1.000   1.000   1.000   1.000   1.000
   n                       150     150     150     150     150
-- sequential_paren, paraphrase wording, well_typed
   condition                 2       3       4       5       6
   plan_execute@para     0.900   0.907   0.913   0.900   0.887
   oracle_plan@para      0.853   0.840   0.860   0.853   0.853
   oracle_ops@para       1.000   1.000   1.000   0.993   0.980
   oracle_both@para      1.000   1.000   1.000   1.000   1.000
   n                       150     150     150     150     150
-- sequential_paren, paraphrase wording, exact_gold_plan
   condition                 2       3       4       5       6
   plan_execute@para     0.853   0.833   0.000   0.000   0.000
   oracle_plan@para      0.853   0.840   0.860   0.853   0.853
   oracle_ops@para       1.000   1.000   0.000   0.000   0.000
   oracle_both@para      1.000   1.000   1.000   1.000   1.000
   n                       150     150     150     150     150
-- sequential_paren, paraphrase wording, parsed_but_wrong
   condition                 2       3       4       5       6
   plan_execute@para     0.093   0.127   0.913   0.913   0.900
   oracle_plan@para      0.007   0.013   0.000   0.027   0.027
   oracle_ops@para       0.000   0.000   0.947   0.967   0.973
   oracle_both@para      0.000   0.000   0.000   0.000   0.000
   n                       150     150     150     150     150
   shape plan_execute@para    {"span": 0.8467, "first": 0.8467, "last": 0.0, "largest_single_step_drop": {"from_depth": 3, "to_depth": 4, "drop": 0.7867}, "decay_per_depth": 1.4441, "half_life_depths": 0.48, "fit_over_depths": [2, 3, 4, 5], "shape": "cliff"}
   shape oracle_plan@para     {"span": 0.0333, "first": 0.8467, "last": 0.8267, "largest_single_step_drop": {"from_depth": 4, "to_depth": 5, "drop": 0.0333}, "decay_per_depth": 0.0048, "half_life_depths": 144.98, "fit_over_depths": [2, 3, 4, 5, 6], "shape": "flat"}
   shape oracle_ops@para      {"span": 0.9933, "first": 1.0, "last": 0.0067, "largest_single_step_drop": {"from_depth": 3, "to_depth": 4, "drop": 0.9467}, "decay_per_depth": 1.3634, "half_life_depths": 0.51, "fit_over_depths": [2, 3, 4, 5, 6], "shape": "cliff"}
   shape oracle_both@para     {"span": 0.0, "first": 1.0, "last": 1.0, "largest_single_step_drop": {"from_depth": 2, "to_depth": 3, "drop": 0.0}, "decay_per_depth": -0.0, "fit_over_depths": [2, 3, 4, 5, 6], "shape": "flat"}

==============================================================================
opcode   temperature 0.8   step 8000   reinit rows 12
file opcode_sampled.json
==============================================================================
oracle_both is 1.000 everywhere: True
induction style=0: {"pages": 5400, "pages_parsed": 5400, "gold_ops": 8097, "induced_ops": 8097, "self_verified": 7678, "exact_text": 7644, "behavioural": 7644}
induction style=1: {"pages": 5400, "pages_parsed": 4972, "gold_ops": 8097, "induced_ops": 6736, "self_verified": 1281, "exact_text": 3513, "behavioural": 3544}

-- sequential, original wording, accuracy
   condition                 1       2       3       4       5       6       7       8      10      12      14      16      20      24      32
   plan_execute          1.000   1.000   1.000   0.013   0.027   0.007   0.020   0.020   0.047   0.027   0.013   0.020   0.000   0.007   0.033
   oracle_plan           1.000   1.000   1.000   1.000   1.000   1.000   1.000   1.000   1.000   1.000   1.000   1.000   1.000   1.000   1.000
   oracle_ops            1.000   1.000   1.000   0.013   0.027   0.007   0.020   0.020   0.047   0.027   0.013   0.020   0.000   0.007   0.033
   oracle_both           1.000   1.000   1.000   1.000   1.000   1.000   1.000   1.000   1.000   1.000   1.000   1.000   1.000   1.000   1.000
   n                       150     150     150     150     150     150     150     150     150     150     150     150     150     150     150
-- sequential, original wording, gap recovered
                             1       2       3       4       5       6       7       8      10      12      14      16      20      24      32
   floor (original)      1.000   0.480   0.500   0.020   0.033   0.020   0.007   0.013       .       .       .       .       .       .       .
   plan_execute (raw)    1.000   1.000   1.000   0.013   0.027   0.007   0.020   0.020   0.047   0.027   0.013   0.020   0.000   0.007   0.033
   ceiling oracle_plan   1.000   1.000   1.000   1.000   1.000   1.000   1.000   1.000   1.000   1.000   1.000   1.000   1.000   1.000   1.000
   gap recovered             .   1.000   1.000  -0.007  -0.007  -0.014   0.013   0.007       .       .       .       .       .       .       .
-- sequential, original wording, plan_parses
   condition                 1       2       3       4       5       6       7       8      10      12      14      16      20      24      32
   plan_execute          1.000   1.000   1.000   1.000   1.000   1.000   1.000   1.000   1.000   1.000   1.000   1.000   1.000   1.000   1.000
   oracle_plan           1.000   1.000   1.000   1.000   1.000   1.000   1.000   1.000   1.000   1.000   1.000   1.000   1.000   1.000   1.000
   oracle_ops            1.000   1.000   1.000   1.000   1.000   1.000   1.000   1.000   1.000   1.000   1.000   1.000   1.000   1.000   1.000
   oracle_both           1.000   1.000   1.000   1.000   1.000   1.000   1.000   1.000   1.000   1.000   1.000   1.000   1.000   1.000   1.000
   n                       150     150     150     150     150     150     150     150     150     150     150     150     150     150     150
-- sequential, original wording, well_typed
   condition                 1       2       3       4       5       6       7       8      10      12      14      16      20      24      32
   plan_execute          1.000   1.000   1.000   1.000   1.000   1.000   1.000   1.000   1.000   1.000   1.000   1.000   1.000   1.000   1.000
   oracle_plan           1.000   1.000   1.000   1.000   1.000   1.000   1.000   1.000   1.000   1.000   1.000   1.000   1.000   1.000   1.000
   oracle_ops            1.000   1.000   1.000   1.000   1.000   1.000   1.000   1.000   1.000   1.000   1.000   1.000   1.000   1.000   1.000
   oracle_both           1.000   1.000   1.000   1.000   1.000   1.000   1.000   1.000   1.000   1.000   1.000   1.000   1.000   1.000   1.000
   n                       150     150     150     150     150     150     150     150     150     150     150     150     150     150     150
-- sequential, original wording, exact_gold_plan
   condition                 1       2       3       4       5       6       7       8      10      12      14      16      20      24      32
   plan_execute          1.000   1.000   1.000   0.000   0.000   0.000   0.000   0.000   0.000   0.000   0.000   0.000   0.000   0.000   0.000
   oracle_plan           1.000   1.000   1.000   1.000   1.000   1.000   1.000   1.000   1.000   1.000   1.000   1.000   1.000   1.000   1.000
   oracle_ops            1.000   1.000   1.000   0.000   0.000   0.000   0.000   0.000   0.000   0.000   0.000   0.000   0.000   0.000   0.000
   oracle_both           1.000   1.000   1.000   1.000   1.000   1.000   1.000   1.000   1.000   1.000   1.000   1.000   1.000   1.000   1.000
   n                       150     150     150     150     150     150     150     150     150     150     150     150     150     150     150
-- sequential, original wording, parsed_but_wrong
   condition                 1       2       3       4       5       6       7       8      10      12      14      16      20      24      32
   plan_execute          0.000   0.000   0.000   0.987   0.973   0.993   0.980   0.980   0.953   0.973   0.987   0.980   1.000   0.993   0.967
   oracle_plan           0.000   0.000   0.000   0.000   0.000   0.000   0.000   0.000   0.000   0.000   0.000   0.000   0.000   0.000   0.000
   oracle_ops            0.000   0.000   0.000   0.987   0.973   0.993   0.980   0.980   0.953   0.973   0.987   0.980   1.000   0.993   0.967
   oracle_both           0.000   0.000   0.000   0.000   0.000   0.000   0.000   0.000   0.000   0.000   0.000   0.000   0.000   0.000   0.000
   n                       150     150     150     150     150     150     150     150     150     150     150     150     150     150     150
   shape plan_execute         {"span": 1.0, "first": 1.0, "last": 0.0333, "largest_single_step_drop": {"from_depth": 3, "to_depth": 4, "drop": 0.9867}, "decay_per_depth": 0.0949, "half_life_depths": 7.3, "fit_over_depths": [1, 2, 3, 4, 5, 6, 7, 8, 10, 12, 14, 16, 24, 32], "shape": "cliff"}
   shape oracle_plan          {"span": 0.0, "first": 1.0, "last": 1.0, "largest_single_step_drop": {"from_depth": 1, "to_depth": 2, "drop": 0.0}, "decay_per_depth": -0.0, "fit_over_depths": [1, 2, 3, 4, 5, 6, 7, 8, 10, 12, 14, 16, 20, 24, 32], "shape": "flat"}
   shape oracle_ops           {"span": 1.0, "first": 1.0, "last": 0.0333, "largest_single_step_drop": {"from_depth": 3, "to_depth": 4, "drop": 0.9867}, "decay_per_depth": 0.0949, "half_life_depths": 7.3, "fit_over_depths": [1, 2, 3, 4, 5, 6, 7, 8, 10, 12, 14, 16, 24, 32], "shape": "cliff"}
   shape oracle_both          {"span": 0.0, "first": 1.0, "last": 1.0, "largest_single_step_drop": {"from_depth": 1, "to_depth": 2, "drop": 0.0}, "decay_per_depth": -0.0, "fit_over_depths": [1, 2, 3, 4, 5, 6, 7, 8, 10, 12, 14, 16, 20, 24, 32], "shape": "flat"}

-- novel, original wording, accuracy
   condition                 2       3       4       5       6       8      12      16      24      32
   plan_execute          0.013   0.007   0.020   0.007   0.007   0.013   0.013   0.027   0.007   0.013
   oracle_plan           1.000   1.000   1.000   1.000   1.000   1.000   1.000   1.000   1.000   1.000
   oracle_ops            0.013   0.007   0.020   0.007   0.007   0.013   0.013   0.027   0.007   0.013
   oracle_both           1.000   1.000   1.000   1.000   1.000   1.000   1.000   1.000   1.000   1.000
   n                       150     150     150     150     150     150     150     150     150     150
-- novel, original wording, gap recovered
                             2       3       4       5       6       8      12      16      24      32
   floor (original)      0.013   0.013   0.013   0.013   0.013   0.013   0.013   0.013   0.013   0.013
   plan_execute (raw)    0.013   0.007   0.020   0.007   0.007   0.013   0.013   0.027   0.007   0.013
   ceiling oracle_plan   1.000   1.000   1.000   1.000   1.000   1.000   1.000   1.000   1.000   1.000
   gap recovered         0.000  -0.006   0.007  -0.006  -0.006   0.000   0.000   0.014  -0.006   0.000
-- novel, original wording, plan_parses
   condition                 2       3       4       5       6       8      12      16      24      32
   plan_execute          1.000   1.000   1.000   0.987   0.993   1.000   1.000   1.000   0.993   0.993
   oracle_plan           1.000   1.000   1.000   1.000   1.000   1.000   1.000   1.000   1.000   1.000
   oracle_ops            1.000   1.000   1.000   0.987   0.993   1.000   1.000   1.000   0.993   0.993
   oracle_both           1.000   1.000   1.000   1.000   1.000   1.000   1.000   1.000   1.000   1.000
   n                       150     150     150     150     150     150     150     150     150     150
-- novel, original wording, well_typed
   condition                 2       3       4       5       6       8      12      16      24      32
   plan_execute          1.000   1.000   0.993   0.980   0.993   0.993   0.980   0.987   0.967   0.980
   oracle_plan           1.000   1.000   1.000   1.000   1.000   1.000   1.000   1.000   1.000   1.000
   oracle_ops            1.000   1.000   0.993   0.980   0.993   0.993   0.980   0.987   0.967   0.980
   oracle_both           1.000   1.000   1.000   1.000   1.000   1.000   1.000   1.000   1.000   1.000
   n                       150     150     150     150     150     150     150     150     150     150
-- novel, original wording, exact_gold_plan
   condition                 2       3       4       5       6       8      12      16      24      32
   plan_execute          0.000   0.000   0.000   0.000   0.000   0.000   0.000   0.000   0.000   0.000
   oracle_plan           1.000   1.000   1.000   1.000   1.000   1.000   1.000   1.000   1.000   1.000
   oracle_ops            0.000   0.000   0.000   0.000   0.000   0.000   0.000   0.000   0.000   0.000
   oracle_both           1.000   1.000   1.000   1.000   1.000   1.000   1.000   1.000   1.000   1.000
   n                       150     150     150     150     150     150     150     150     150     150
-- novel, original wording, parsed_but_wrong
   condition                 2       3       4       5       6       8      12      16      24      32
   plan_execute          0.987   0.993   0.980   0.980   0.987   0.987   0.987   0.973   0.987   0.980
   oracle_plan           0.000   0.000   0.000   0.000   0.000   0.000   0.000   0.000   0.000   0.000
   oracle_ops            0.987   0.993   0.980   0.980   0.987   0.987   0.987   0.973   0.987   0.980
   oracle_both           0.000   0.000   0.000   0.000   0.000   0.000   0.000   0.000   0.000   0.000
   n                       150     150     150     150     150     150     150     150     150     150
   shape plan_execute         {"span": 0.02, "first": 0.0133, "last": 0.0133, "largest_single_step_drop": {"from_depth": 16, "to_depth": 24, "drop": 0.02}, "decay_per_depth": -0.0056, "fit_over_depths": [2, 3, 4, 5, 6, 8, 12, 16, 24, 32], "shape": "flat"}
   shape oracle_plan          {"span": 0.0, "first": 1.0, "last": 1.0, "largest_single_step_drop": {"from_depth": 2, "to_depth": 3, "drop": 0.0}, "decay_per_depth": -0.0, "fit_over_depths": [2, 3, 4, 5, 6, 8, 12, 16, 24, 32], "shape": "flat"}
   shape oracle_ops           {"span": 0.02, "first": 0.0133, "last": 0.0133, "largest_single_step_drop": {"from_depth": 16, "to_depth": 24, "drop": 0.02}, "decay_per_depth": -0.0056, "fit_over_depths": [2, 3, 4, 5, 6, 8, 12, 16, 24, 32], "shape": "flat"}
   shape oracle_both          {"span": 0.0, "first": 1.0, "last": 1.0, "largest_single_step_drop": {"from_depth": 2, "to_depth": 3, "drop": 0.0}, "decay_per_depth": -0.0, "fit_over_depths": [2, 3, 4, 5, 6, 8, 12, 16, 24, 32], "shape": "flat"}

-- breadth, original wording, accuracy
   condition                 1       2       3       4       5       6
   plan_execute          1.000   1.000   1.000   0.373   0.327   0.153
   oracle_plan           1.000   1.000   1.000   0.000   0.000   0.000
   oracle_ops            1.000   1.000   1.000   0.000   0.000   0.000
   oracle_both           1.000   1.000   1.000   1.000   1.000   1.000
   n                       150     150     150     150     150     150
-- breadth, original wording, gap recovered
                             1       2       3       4       5       6
   floor (original)          .       .       .   0.420       .       .
   plan_execute (raw)    1.000   1.000   1.000   0.373   0.327   0.153
   ceiling oracle_plan   1.000   1.000   1.000   0.000   0.000   0.000
   gap recovered             .       .       .       .       .       .
-- breadth, original wording, plan_parses
   condition                 1       2       3       4       5       6
   plan_execute          1.000   1.000   1.000   1.000   1.000   1.000
   oracle_plan           1.000   1.000   1.000   1.000   1.000   1.000
   oracle_ops            1.000   1.000   1.000   1.000   1.000   1.000
   oracle_both           1.000   1.000   1.000   1.000   1.000   1.000
   n                       150     150     150     150     150     150
-- breadth, original wording, well_typed
   condition                 1       2       3       4       5       6
   plan_execute          1.000   1.000   1.000   1.000   1.000   1.000
   oracle_plan           1.000   1.000   1.000   0.000   0.000   0.000
   oracle_ops            1.000   1.000   1.000   0.000   0.000   0.000
   oracle_both           1.000   1.000   1.000   1.000   1.000   1.000
   n                       150     150     150     150     150     150
-- breadth, original wording, exact_gold_plan
   condition                 1       2       3       4       5       6
   plan_execute          1.000   1.000   1.000   0.000   0.000   0.000
   oracle_plan           1.000   1.000   1.000   1.000   1.000   1.000
   oracle_ops            1.000   1.000   1.000   0.000   0.000   0.000
   oracle_both           1.000   1.000   1.000   1.000   1.000   1.000
   n                       150     150     150     150     150     150
-- breadth, original wording, parsed_but_wrong
   condition                 1       2       3       4       5       6
   plan_execute          0.000   0.000   0.000   0.627   0.673   0.847
   oracle_plan           0.000   0.000   0.000   1.000   1.000   1.000
   oracle_ops            0.000   0.000   0.000   1.000   1.000   1.000
   oracle_both           0.000   0.000   0.000   0.000   0.000   0.000
   n                       150     150     150     150     150     150
   shape plan_execute         {"span": 0.8467, "first": 1.0, "last": 0.1533, "largest_single_step_drop": {"from_depth": 3, "to_depth": 4, "drop": 0.6267}, "decay_per_depth": 0.392, "half_life_depths": 1.77, "fit_over_depths": [1, 2, 3, 4, 5, 6], "shape": "cliff"}
   shape oracle_plan          {"span": 1.0, "first": 1.0, "last": 0.0, "largest_single_step_drop": {"from_depth": 3, "to_depth": 4, "drop": 1.0}, "decay_per_depth": -0.0, "fit_over_depths": [1, 2, 3], "shape": "cliff"}
   shape oracle_ops           {"span": 1.0, "first": 1.0, "last": 0.0, "largest_single_step_drop": {"from_depth": 3, "to_depth": 4, "drop": 1.0}, "decay_per_depth": -0.0, "fit_over_depths": [1, 2, 3], "shape": "cliff"}
   shape oracle_both          {"span": 0.0, "first": 1.0, "last": 1.0, "largest_single_step_drop": {"from_depth": 1, "to_depth": 2, "drop": 0.0}, "decay_per_depth": -0.0, "fit_over_depths": [1, 2, 3, 4, 5, 6], "shape": "flat"}

-- sequential_paren, original wording, accuracy
   condition                 2       3       4       5       6
   plan_execute          1.000   1.000   0.053   0.027   0.007
   oracle_plan           1.000   1.000   1.000   1.000   1.000
   oracle_ops            1.000   1.000   0.053   0.027   0.007
   oracle_both           1.000   1.000   1.000   1.000   1.000
   n                       150     150     150     150     150
-- sequential_paren, original wording, gap recovered
                             2       3       4       5       6
   floor (original)          .       .       .       .       .
   plan_execute (raw)    1.000   1.000   0.053   0.027   0.007
   ceiling oracle_plan   1.000   1.000   1.000   1.000   1.000
   gap recovered             .       .       .       .       .
-- sequential_paren, original wording, plan_parses
   condition                 2       3       4       5       6
   plan_execute          1.000   1.000   1.000   1.000   0.993
   oracle_plan           1.000   1.000   1.000   1.000   1.000
   oracle_ops            1.000   1.000   1.000   1.000   0.993
   oracle_both           1.000   1.000   1.000   1.000   1.000
   n                       150     150     150     150     150
-- sequential_paren, original wording, well_typed
   condition                 2       3       4       5       6
   plan_execute          1.000   1.000   1.000   1.000   0.993
   oracle_plan           1.000   1.000   1.000   1.000   1.000
   oracle_ops            1.000   1.000   1.000   1.000   0.993
   oracle_both           1.000   1.000   1.000   1.000   1.000
   n                       150     150     150     150     150
-- sequential_paren, original wording, exact_gold_plan
   condition                 2       3       4       5       6
   plan_execute          1.000   1.000   0.000   0.000   0.000
   oracle_plan           1.000   1.000   1.000   1.000   1.000
   oracle_ops            1.000   1.000   0.000   0.000   0.000
   oracle_both           1.000   1.000   1.000   1.000   1.000
   n                       150     150     150     150     150
-- sequential_paren, original wording, parsed_but_wrong
   condition                 2       3       4       5       6
   plan_execute          0.000   0.000   0.947   0.973   0.987
   oracle_plan           0.000   0.000   0.000   0.000   0.000
   oracle_ops            0.000   0.000   0.947   0.973   0.987
   oracle_both           0.000   0.000   0.000   0.000   0.000
   n                       150     150     150     150     150
   shape plan_execute         {"span": 0.9933, "first": 1.0, "last": 0.0067, "largest_single_step_drop": {"from_depth": 3, "to_depth": 4, "drop": 0.9467}, "decay_per_depth": 1.3634, "half_life_depths": 0.51, "fit_over_depths": [2, 3, 4, 5, 6], "shape": "cliff"}
   shape oracle_plan          {"span": 0.0, "first": 1.0, "last": 1.0, "largest_single_step_drop": {"from_depth": 2, "to_depth": 3, "drop": 0.0}, "decay_per_depth": -0.0, "fit_over_depths": [2, 3, 4, 5, 6], "shape": "flat"}
   shape oracle_ops           {"span": 0.9933, "first": 1.0, "last": 0.0067, "largest_single_step_drop": {"from_depth": 3, "to_depth": 4, "drop": 0.9467}, "decay_per_depth": 1.3634, "half_life_depths": 0.51, "fit_over_depths": [2, 3, 4, 5, 6], "shape": "cliff"}
   shape oracle_both          {"span": 0.0, "first": 1.0, "last": 1.0, "largest_single_step_drop": {"from_depth": 2, "to_depth": 3, "drop": 0.0}, "decay_per_depth": -0.0, "fit_over_depths": [2, 3, 4, 5, 6], "shape": "flat"}

-- sequential, paraphrase wording, accuracy
   condition                 1       2       3       4       5       6       7       8      10      12      14      16      20      24      32
   plan_execute@para     0.860   0.400   0.453   0.007   0.020   0.020   0.020   0.007   0.033   0.007   0.013   0.020   0.000   0.007   0.007
   oracle_plan@para      0.867   0.867   0.867   0.847   0.873   0.860   0.840   0.813   0.840   0.847   0.840   0.833   0.880   0.820   0.847
   oracle_ops@para       1.000   1.000   1.000   0.013   0.027   0.007   0.020   0.020   0.047   0.027   0.013   0.020   0.000   0.007   0.033
   oracle_both@para      1.000   1.000   1.000   1.000   1.000   1.000   1.000   1.000   1.000   1.000   1.000   1.000   1.000   1.000   1.000
   n                       150     150     150     150     150     150     150     150     150     150     150     150     150     150     150
-- sequential, paraphrase wording, gap recovered
                             1       2       3       4       5       6       7       8      10      12      14      16      20      24      32
   floor (original)      0.600   0.313   0.293   0.007   0.027   0.020   0.007   0.007       .       .       .       .       .       .       .
   plan_execute (raw)    0.860   0.400   0.453   0.007   0.020   0.020   0.020   0.007   0.033   0.007   0.013   0.020   0.000   0.007   0.007
   ceiling oracle_plan   0.867   0.867   0.867   0.847   0.873   0.860   0.840   0.813   0.840   0.847   0.840   0.833   0.880   0.820   0.847
   gap recovered         0.975   0.157   0.279  -0.000  -0.008   0.000   0.016  -0.000       .       .       .       .       .       .       .
-- sequential, paraphrase wording, plan_parses
   condition                 1       2       3       4       5       6       7       8      10      12      14      16      20      24      32
   plan_execute@para     0.973   0.987   0.987   0.987   0.987   0.987   0.980   0.967   0.987   0.980   0.973   0.973   0.987   0.980   0.980
   oracle_plan@para      0.867   0.867   0.867   0.853   0.873   0.860   0.847   0.820   0.840   0.853   0.847   0.840   0.880   0.827   0.853
   oracle_ops@para       1.000   1.000   1.000   1.000   1.000   1.000   1.000   1.000   1.000   1.000   1.000   1.000   1.000   1.000   1.000
   oracle_both@para      1.000   1.000   1.000   1.000   1.000   1.000   1.000   1.000   1.000   1.000   1.000   1.000   1.000   1.000   1.000
   n                       150     150     150     150     150     150     150     150     150     150     150     150     150     150     150
-- sequential, paraphrase wording, well_typed
   condition                 1       2       3       4       5       6       7       8      10      12      14      16      20      24      32
   plan_execute@para     0.920   0.940   0.940   0.927   0.947   0.947   0.940   0.940   0.953   0.933   0.933   0.947   0.940   0.933   0.940
   oracle_plan@para      0.867   0.867   0.867   0.853   0.873   0.860   0.847   0.820   0.840   0.853   0.847   0.840   0.880   0.827   0.853
   oracle_ops@para       1.000   1.000   1.000   1.000   1.000   1.000   1.000   1.000   1.000   1.000   1.000   1.000   1.000   1.000   1.000
   oracle_both@para      1.000   1.000   1.000   1.000   1.000   1.000   1.000   1.000   1.000   1.000   1.000   1.000   1.000   1.000   1.000
   n                       150     150     150     150     150     150     150     150     150     150     150     150     150     150     150
-- sequential, paraphrase wording, exact_gold_plan
   condition                 1       2       3       4       5       6       7       8      10      12      14      16      20      24      32
   plan_execute@para     0.860   0.393   0.453   0.000   0.000   0.000   0.000   0.000   0.000   0.000   0.000   0.000   0.000   0.000   0.000
   oracle_plan@para      0.867   0.867   0.867   0.853   0.873   0.860   0.847   0.820   0.840   0.853   0.847   0.840   0.880   0.827   0.853
   oracle_ops@para       1.000   1.000   1.000   0.000   0.000   0.000   0.000   0.000   0.000   0.000   0.000   0.000   0.000   0.000   0.000
   oracle_both@para      1.000   1.000   1.000   1.000   1.000   1.000   1.000   1.000   1.000   1.000   1.000   1.000   1.000   1.000   1.000
   n                       150     150     150     150     150     150     150     150     150     150     150     150     150     150     150
-- sequential, paraphrase wording, parsed_but_wrong
   condition                 1       2       3       4       5       6       7       8      10      12      14      16      20      24      32
   plan_execute@para     0.113   0.587   0.533   0.980   0.967   0.967   0.960   0.960   0.953   0.973   0.960   0.953   0.987   0.973   0.973
   oracle_plan@para      0.000   0.000   0.000   0.007   0.000   0.000   0.007   0.007   0.000   0.007   0.007   0.007   0.000   0.007   0.007
   oracle_ops@para       0.000   0.000   0.000   0.987   0.973   0.993   0.980   0.980   0.953   0.973   0.987   0.980   1.000   0.993   0.967
   oracle_both@para      0.000   0.000   0.000   0.000   0.000   0.000   0.000   0.000   0.000   0.000   0.000   0.000   0.000   0.000   0.000
   n                       150     150     150     150     150     150     150     150     150     150     150     150     150     150     150
   shape plan_execute@para    {"span": 0.86, "first": 0.86, "last": 0.0067, "largest_single_step_drop": {"from_depth": 1, "to_depth": 2, "drop": 0.46}, "decay_per_depth": 0.1133, "half_life_depths": 6.12, "fit_over_depths": [1, 2, 3, 4, 5, 6, 7, 8, 10, 12, 14, 16, 24, 32], "shape": "cliff"}
   shape oracle_plan@para     {"span": 0.0667, "first": 0.8667, "last": 0.8467, "largest_single_step_drop": {"from_depth": 20, "to_depth": 24, "drop": 0.06}, "decay_per_depth": 0.0008, "half_life_depths": 849.2, "fit_over_depths": [1, 2, 3, 4, 5, 6, 7, 8, 10, 12, 14, 16, 20, 24, 32], "shape": "flat"}
   shape oracle_ops@para      {"span": 1.0, "first": 1.0, "last": 0.0333, "largest_single_step_drop": {"from_depth": 3, "to_depth": 4, "drop": 0.9867}, "decay_per_depth": 0.0949, "half_life_depths": 7.3, "fit_over_depths": [1, 2, 3, 4, 5, 6, 7, 8, 10, 12, 14, 16, 24, 32], "shape": "cliff"}
   shape oracle_both@para     {"span": 0.0, "first": 1.0, "last": 1.0, "largest_single_step_drop": {"from_depth": 1, "to_depth": 2, "drop": 0.0}, "decay_per_depth": -0.0, "fit_over_depths": [1, 2, 3, 4, 5, 6, 7, 8, 10, 12, 14, 16, 20, 24, 32], "shape": "flat"}

-- novel, paraphrase wording, accuracy
   condition                 2       3       4       5       6       8      12      16      24      32
   plan_execute@para     0.013   0.027   0.020   0.007   0.007   0.013   0.007   0.020   0.020   0.013
   oracle_plan@para      0.673   0.673   0.653   0.667   0.647   0.640   0.640   0.640   0.640   0.640
   oracle_ops@para       0.013   0.007   0.020   0.007   0.007   0.013   0.013   0.027   0.007   0.013
   oracle_both@para      1.000   1.000   1.000   1.000   1.000   1.000   1.000   1.000   1.000   1.000
   n                       150     150     150     150     150     150     150     150     150     150
-- novel, paraphrase wording, gap recovered
                             2       3       4       5       6       8      12      16      24      32
   floor (original)          .       .       .       .       .       .       .       .       .       .
   plan_execute (raw)    0.013   0.027   0.020   0.007   0.007   0.013   0.007   0.020   0.020   0.013
   ceiling oracle_plan   0.673   0.673   0.653   0.667   0.647   0.640   0.640   0.640   0.640   0.640
   gap recovered             .       .       .       .       .       .       .       .       .       .
-- novel, paraphrase wording, plan_parses
   condition                 2       3       4       5       6       8      12      16      24      32
   plan_execute@para     0.980   0.980   0.960   0.960   0.960   0.967   0.960   0.980   0.973   0.973
   oracle_plan@para      0.693   0.693   0.693   0.693   0.693   0.693   0.693   0.693   0.693   0.693
   oracle_ops@para       1.000   1.000   1.000   0.987   0.993   1.000   1.000   1.000   0.993   0.993
   oracle_both@para      1.000   1.000   1.000   1.000   1.000   1.000   1.000   1.000   1.000   1.000
   n                       150     150     150     150     150     150     150     150     150     150
-- novel, paraphrase wording, well_typed
   condition                 2       3       4       5       6       8      12      16      24      32
   plan_execute@para     0.933   0.933   0.920   0.920   0.927   0.920   0.927   0.947   0.933   0.940
   oracle_plan@para      0.693   0.693   0.693   0.693   0.693   0.693   0.693   0.693   0.693   0.693
   oracle_ops@para       1.000   1.000   0.993   0.980   0.993   0.993   0.980   0.987   0.967   0.980
   oracle_both@para      1.000   1.000   1.000   1.000   1.000   1.000   1.000   1.000   1.000   1.000
   n                       150     150     150     150     150     150     150     150     150     150
-- novel, paraphrase wording, exact_gold_plan
   condition                 2       3       4       5       6       8      12      16      24      32
   plan_execute@para     0.000   0.000   0.000   0.000   0.000   0.000   0.000   0.000   0.000   0.000
   oracle_plan@para      0.693   0.693   0.693   0.693   0.693   0.693   0.693   0.693   0.693   0.693
   oracle_ops@para       0.000   0.000   0.000   0.000   0.000   0.000   0.000   0.000   0.000   0.000
   oracle_both@para      1.000   1.000   1.000   1.000   1.000   1.000   1.000   1.000   1.000   1.000
   n                       150     150     150     150     150     150     150     150     150     150
-- novel, paraphrase wording, parsed_but_wrong
   condition                 2       3       4       5       6       8      12      16      24      32
   plan_execute@para     0.967   0.953   0.940   0.953   0.953   0.953   0.953   0.960   0.953   0.960
   oracle_plan@para      0.020   0.020   0.040   0.027   0.047   0.053   0.053   0.053   0.053   0.053
   oracle_ops@para       0.987   0.993   0.980   0.980   0.987   0.987   0.987   0.973   0.987   0.980
   oracle_both@para      0.000   0.000   0.000   0.000   0.000   0.000   0.000   0.000   0.000   0.000
   n                       150     150     150     150     150     150     150     150     150     150
   shape plan_execute@para    {"span": 0.02, "first": 0.0133, "last": 0.0133, "largest_single_step_drop": {"from_depth": 4, "to_depth": 5, "drop": 0.0133}, "decay_per_depth": -0.0064, "fit_over_depths": [2, 3, 4, 5, 6, 8, 12, 16, 24, 32], "shape": "flat"}
   shape oracle_plan@para     {"span": 0.0333, "first": 0.6733, "last": 0.64, "largest_single_step_drop": {"from_depth": 3, "to_depth": 4, "drop": 0.02}, "decay_per_depth": 0.0015, "half_life_depths": 465.96, "fit_over_depths": [2, 3, 4, 5, 6, 8, 12, 16, 24, 32], "shape": "flat"}
   shape oracle_ops@para      {"span": 0.02, "first": 0.0133, "last": 0.0133, "largest_single_step_drop": {"from_depth": 16, "to_depth": 24, "drop": 0.02}, "decay_per_depth": -0.0056, "fit_over_depths": [2, 3, 4, 5, 6, 8, 12, 16, 24, 32], "shape": "flat"}
   shape oracle_both@para     {"span": 0.0, "first": 1.0, "last": 1.0, "largest_single_step_drop": {"from_depth": 2, "to_depth": 3, "drop": 0.0}, "decay_per_depth": -0.0, "fit_over_depths": [2, 3, 4, 5, 6, 8, 12, 16, 24, 32], "shape": "flat"}

-- breadth, paraphrase wording, accuracy
   condition                 1       2       3       4       5       6
   plan_execute@para     0.887   0.020   0.833   0.420   0.273   0.147
   oracle_plan@para      0.887   0.020   0.833   0.000   0.000   0.000
   oracle_ops@para       1.000   1.000   1.000   0.000   0.000   0.000
   oracle_both@para      1.000   1.000   1.000   1.000   1.000   1.000
   n                       150     150     150     150     150     150
-- breadth, paraphrase wording, gap recovered
                             1       2       3       4       5       6
   floor (original)          .       .       .       .       .       .
   plan_execute (raw)    0.887   0.020   0.833   0.420   0.273   0.147
   ceiling oracle_plan   0.887   0.020   0.833   0.000   0.000   0.000
   gap recovered             .       .       .       .       .       .
-- breadth, paraphrase wording, plan_parses
   condition                 1       2       3       4       5       6
   plan_execute@para     0.973   0.993   1.000   1.000   1.000   0.993
   oracle_plan@para      0.887   0.900   0.927   0.933   0.987   0.967
   oracle_ops@para       1.000   1.000   1.000   1.000   1.000   1.000
   oracle_both@para      1.000   1.000   1.000   1.000   1.000   1.000
   n                       150     150     150     150     150     150
-- breadth, paraphrase wording, well_typed
   condition                 1       2       3       4       5       6
   plan_execute@para     0.887   0.020   0.927   0.913   0.987   0.927
   oracle_plan@para      0.887   0.020   0.927   0.000   0.000   0.000
   oracle_ops@para       1.000   1.000   1.000   0.000   0.000   0.000
   oracle_both@para      1.000   1.000   1.000   1.000   1.000   1.000
   n                       150     150     150     150     150     150
-- breadth, paraphrase wording, exact_gold_plan
   condition                 1       2       3       4       5       6
   plan_execute@para     0.887   0.900   0.927   0.000   0.000   0.000
   oracle_plan@para      0.887   0.900   0.927   0.933   0.987   0.967
   oracle_ops@para       1.000   1.000   1.000   0.000   0.000   0.000
   oracle_both@para      1.000   1.000   1.000   1.000   1.000   1.000
   n                       150     150     150     150     150     150
-- breadth, paraphrase wording, parsed_but_wrong
   condition                 1       2       3       4       5       6
   plan_execute@para     0.087   0.973   0.167   0.580   0.727   0.847
   oracle_plan@para      0.000   0.880   0.093   0.933   0.987   0.967
   oracle_ops@para       0.000   0.000   0.000   1.000   1.000   1.000
   oracle_both@para      0.000   0.000   0.000   0.000   0.000   0.000
   n                       150     150     150     150     150     150
   shape plan_execute@para    {"span": 0.8667, "first": 0.8867, "last": 0.1467, "largest_single_step_drop": {"from_depth": 1, "to_depth": 2, "drop": 0.8667}, "decay_per_depth": 0.0525, "half_life_depths": 13.21, "fit_over_depths": [1, 2, 3, 4, 5, 6], "shape": "cliff"}
   shape oracle_plan@para     {"span": 0.8867, "first": 0.8867, "last": 0.0, "largest_single_step_drop": {"from_depth": 1, "to_depth": 2, "drop": 0.8667}, "decay_per_depth": 0.0311, "half_life_depths": 22.32, "fit_over_depths": [1, 2, 3], "shape": "cliff"}
   shape oracle_ops@para      {"span": 1.0, "first": 1.0, "last": 0.0, "largest_single_step_drop": {"from_depth": 3, "to_depth": 4, "drop": 1.0}, "decay_per_depth": -0.0, "fit_over_depths": [1, 2, 3], "shape": "cliff"}
   shape oracle_both@para     {"span": 0.0, "first": 1.0, "last": 1.0, "largest_single_step_drop": {"from_depth": 1, "to_depth": 2, "drop": 0.0}, "decay_per_depth": -0.0, "fit_over_depths": [1, 2, 3, 4, 5, 6], "shape": "flat"}

-- sequential_paren, paraphrase wording, accuracy
   condition                 2       3       4       5       6
   plan_execute@para     0.847   0.820   0.033   0.020   0.000
   oracle_plan@para      0.847   0.827   0.860   0.827   0.827
   oracle_ops@para       1.000   1.000   0.053   0.027   0.007
   oracle_both@para      1.000   1.000   1.000   1.000   1.000
   n                       150     150     150     150     150
-- sequential_paren, paraphrase wording, gap recovered
                             2       3       4       5       6
   floor (original)          .       .       .       .       .
   plan_execute (raw)    0.847   0.820   0.033   0.020   0.000
   ceiling oracle_plan   0.847   0.827   0.860   0.827   0.827
   gap recovered             .       .       .       .       .
-- sequential_paren, paraphrase wording, plan_parses
   condition                 2       3       4       5       6
   plan_execute@para     0.940   0.947   0.940   0.940   0.907
   oracle_plan@para      0.853   0.840   0.860   0.853   0.853
   oracle_ops@para       1.000   1.000   1.000   1.000   0.993
   oracle_both@para      1.000   1.000   1.000   1.000   1.000
   n                       150     150     150     150     150
-- sequential_paren, paraphrase wording, well_typed
   condition                 2       3       4       5       6
   plan_execute@para     0.900   0.900   0.913   0.900   0.893
   oracle_plan@para      0.853   0.840   0.860   0.853   0.853
   oracle_ops@para       1.000   1.000   1.000   1.000   0.993
   oracle_both@para      1.000   1.000   1.000   1.000   1.000
   n                       150     150     150     150     150
-- sequential_paren, paraphrase wording, exact_gold_plan
   condition                 2       3       4       5       6
   plan_execute@para     0.853   0.833   0.000   0.000   0.000
   oracle_plan@para      0.853   0.840   0.860   0.853   0.853
   oracle_ops@para       1.000   1.000   0.000   0.000   0.000
   oracle_both@para      1.000   1.000   1.000   1.000   1.000
   n                       150     150     150     150     150
-- sequential_paren, paraphrase wording, parsed_but_wrong
   condition                 2       3       4       5       6
   plan_execute@para     0.093   0.127   0.907   0.920   0.907
   oracle_plan@para      0.007   0.013   0.000   0.027   0.027
   oracle_ops@para       0.000   0.000   0.947   0.973   0.987
   oracle_both@para      0.000   0.000   0.000   0.000   0.000
   n                       150     150     150     150     150
   shape plan_execute@para    {"span": 0.8467, "first": 0.8467, "last": 0.0, "largest_single_step_drop": {"from_depth": 3, "to_depth": 4, "drop": 0.7867}, "decay_per_depth": 1.4441, "half_life_depths": 0.48, "fit_over_depths": [2, 3, 4, 5], "shape": "cliff"}
   shape oracle_plan@para     {"span": 0.0333, "first": 0.8467, "last": 0.8267, "largest_single_step_drop": {"from_depth": 4, "to_depth": 5, "drop": 0.0333}, "decay_per_depth": 0.0048, "half_life_depths": 144.98, "fit_over_depths": [2, 3, 4, 5, 6], "shape": "flat"}
   shape oracle_ops@para      {"span": 0.9933, "first": 1.0, "last": 0.0067, "largest_single_step_drop": {"from_depth": 3, "to_depth": 4, "drop": 0.9467}, "decay_per_depth": 1.3634, "half_life_depths": 0.51, "fit_over_depths": [2, 3, 4, 5, 6], "shape": "cliff"}
   shape oracle_both@para     {"span": 0.0, "first": 1.0, "last": 1.0, "largest_single_step_drop": {"from_depth": 2, "to_depth": 3, "drop": 0.0}, "decay_per_depth": -0.0, "fit_over_depths": [2, 3, 4, 5, 6], "shape": "flat"}

==============================================================================
english   temperature 0.0   step 1500   reinit rows 0
file preflight.json
==============================================================================
oracle_both is 1.000 everywhere: True
induction style=0: {"pages": 24, "pages_parsed": 24, "gold_ops": 36, "induced_ops": 36, "self_verified": 36, "exact_text": 36, "behavioural": 36}
induction style=1: {"pages": 24, "pages_parsed": 23, "gold_ops": 36, "induced_ops": 33, "self_verified": 5, "exact_text": 18, "behavioural": 18}

-- sequential, original wording, accuracy
   condition                 2      16      20
   plan_execute          1.000   0.000   0.000
   oracle_plan           1.000   1.000   1.000
   oracle_ops            1.000   0.000   0.000
   oracle_both           1.000   1.000   1.000
   n                         2       2       2
-- sequential, original wording, gap recovered
                             2      16      20
   floor (original)      0.480       .       .
   plan_execute (raw)    1.000   0.000   0.000
   ceiling oracle_plan   1.000   1.000   1.000
   gap recovered         1.000       .       .
-- sequential, original wording, plan_parses
   condition                 2      16      20
   plan_execute          1.000   1.000   1.000
   oracle_plan           1.000   1.000   1.000
   oracle_ops            1.000   1.000   1.000
   oracle_both           1.000   1.000   1.000
   n                         2       2       2
-- sequential, original wording, well_typed
   condition                 2      16      20
   plan_execute          1.000   1.000   1.000
   oracle_plan           1.000   1.000   1.000
   oracle_ops            1.000   1.000   1.000
   oracle_both           1.000   1.000   1.000
   n                         2       2       2
-- sequential, original wording, exact_gold_plan
   condition                 2      16      20
   plan_execute          1.000   0.000   0.000
   oracle_plan           1.000   1.000   1.000
   oracle_ops            1.000   0.000   0.000
   oracle_both           1.000   1.000   1.000
   n                         2       2       2
-- sequential, original wording, parsed_but_wrong
   condition                 2      16      20
   plan_execute          0.000   1.000   1.000
   oracle_plan           0.000   0.000   0.000
   oracle_ops            0.000   1.000   1.000
   oracle_both           0.000   0.000   0.000
   n                         2       2       2
   shape plan_execute         {"span": 1.0, "first": 1.0, "last": 0.0, "largest_single_step_drop": {"from_depth": 2, "to_depth": 16, "drop": 1.0}, "shape": "cliff"}
   shape oracle_plan          {"span": 0.0, "first": 1.0, "last": 1.0, "largest_single_step_drop": {"from_depth": 2, "to_depth": 16, "drop": 0.0}, "decay_per_depth": -0.0, "fit_over_depths": [2, 16, 20], "shape": "flat"}
   shape oracle_ops           {"span": 1.0, "first": 1.0, "last": 0.0, "largest_single_step_drop": {"from_depth": 2, "to_depth": 16, "drop": 1.0}, "shape": "cliff"}
   shape oracle_both          {"span": 0.0, "first": 1.0, "last": 1.0, "largest_single_step_drop": {"from_depth": 2, "to_depth": 16, "drop": 0.0}, "decay_per_depth": -0.0, "fit_over_depths": [2, 16, 20], "shape": "flat"}

-- novel, original wording, accuracy
   condition                 3
   plan_execute          0.000
   oracle_plan           1.000
   oracle_ops            0.000
   oracle_both           1.000
   n                         2
-- novel, original wording, gap recovered
                             3
   floor (original)      0.013
   plan_execute (raw)    0.000
   ceiling oracle_plan   1.000
   gap recovered        -0.013
-- novel, original wording, plan_parses
   condition                 3
   plan_execute          1.000
   oracle_plan           1.000
   oracle_ops            1.000
   oracle_both           1.000
   n                         2
-- novel, original wording, well_typed
   condition                 3
   plan_execute          1.000
   oracle_plan           1.000
   oracle_ops            1.000
   oracle_both           1.000
   n                         2
-- novel, original wording, exact_gold_plan
   condition                 3
   plan_execute          0.000
   oracle_plan           1.000
   oracle_ops            0.000
   oracle_both           1.000
   n                         2
-- novel, original wording, parsed_but_wrong
   condition                 3
   plan_execute          1.000
   oracle_plan           0.000
   oracle_ops            1.000
   oracle_both           0.000
   n                         2

-- breadth, original wording, accuracy
   condition                 2
   plan_execute          1.000
   oracle_plan           1.000
   oracle_ops            1.000
   oracle_both           1.000
   n                         2
-- breadth, original wording, gap recovered
                             2
   floor (original)          .
   plan_execute (raw)    1.000
   ceiling oracle_plan   1.000
   gap recovered             .
-- breadth, original wording, plan_parses
   condition                 2
   plan_execute          1.000
   oracle_plan           1.000
   oracle_ops            1.000
   oracle_both           1.000
   n                         2
-- breadth, original wording, well_typed
   condition                 2
   plan_execute          1.000
   oracle_plan           1.000
   oracle_ops            1.000
   oracle_both           1.000
   n                         2
-- breadth, original wording, exact_gold_plan
   condition                 2
   plan_execute          1.000
   oracle_plan           1.000
   oracle_ops            1.000
   oracle_both           1.000
   n                         2
-- breadth, original wording, parsed_but_wrong
   condition                 2
   plan_execute          0.000
   oracle_plan           0.000
   oracle_ops            0.000
   oracle_both           0.000
   n                         2

-- sequential, paraphrase wording, accuracy
   condition                 2      16      20
   plan_execute@para     0.000   0.000   0.000
   oracle_plan@para      1.000   1.000   1.000
   oracle_ops@para       1.000   0.000   0.000
   oracle_both@para      1.000   1.000   1.000
   n                         2       2       2
-- sequential, paraphrase wording, gap recovered
                             2      16      20
   floor (original)      0.313       .       .
   plan_execute (raw)    0.000   0.000   0.000
   ceiling oracle_plan   1.000   1.000   1.000
   gap recovered        -0.456       .       .
-- sequential, paraphrase wording, plan_parses
   condition                 2      16      20
   plan_execute@para     1.000   1.000   1.000
   oracle_plan@para      1.000   1.000   1.000
   oracle_ops@para       1.000   1.000   1.000
   oracle_both@para      1.000   1.000   1.000
   n                         2       2       2
-- sequential, paraphrase wording, well_typed
   condition                 2      16      20
   plan_execute@para     1.000   1.000   1.000
   oracle_plan@para      1.000   1.000   1.000
   oracle_ops@para       1.000   1.000   1.000
   oracle_both@para      1.000   1.000   1.000
   n                         2       2       2
-- sequential, paraphrase wording, exact_gold_plan
   condition                 2      16      20
   plan_execute@para     0.000   0.000   0.000
   oracle_plan@para      1.000   1.000   1.000
   oracle_ops@para       1.000   0.000   0.000
   oracle_both@para      1.000   1.000   1.000
   n                         2       2       2
-- sequential, paraphrase wording, parsed_but_wrong
   condition                 2      16      20
   plan_execute@para     1.000   1.000   1.000
   oracle_plan@para      0.000   0.000   0.000
   oracle_ops@para       0.000   1.000   1.000
   oracle_both@para      0.000   0.000   0.000
   n                         2       2       2
   shape plan_execute@para    {"span": 0.0, "first": 0.0, "last": 0.0, "largest_single_step_drop": {"from_depth": 2, "to_depth": 16, "drop": 0.0}, "shape": "flat"}
   shape oracle_plan@para     {"span": 0.0, "first": 1.0, "last": 1.0, "largest_single_step_drop": {"from_depth": 2, "to_depth": 16, "drop": 0.0}, "decay_per_depth": -0.0, "fit_over_depths": [2, 16, 20], "shape": "flat"}
   shape oracle_ops@para      {"span": 1.0, "first": 1.0, "last": 0.0, "largest_single_step_drop": {"from_depth": 2, "to_depth": 16, "drop": 1.0}, "shape": "cliff"}
   shape oracle_both@para     {"span": 0.0, "first": 1.0, "last": 1.0, "largest_single_step_drop": {"from_depth": 2, "to_depth": 16, "drop": 0.0}, "decay_per_depth": -0.0, "fit_over_depths": [2, 16, 20], "shape": "flat"}

-- novel, paraphrase wording, accuracy
   condition                 3
   plan_execute@para     0.000
   oracle_plan@para      0.500
   oracle_ops@para       0.000
   oracle_both@para      1.000
   n                         2
-- novel, paraphrase wording, gap recovered
                             3
   floor (original)          .
   plan_execute (raw)    0.000
   ceiling oracle_plan   0.500
   gap recovered             .
-- novel, paraphrase wording, plan_parses
   condition                 3
   plan_execute@para     1.000
   oracle_plan@para      1.000
   oracle_ops@para       1.000
   oracle_both@para      1.000
   n                         2
-- novel, paraphrase wording, well_typed
   condition                 3
   plan_execute@para     1.000
   oracle_plan@para      0.500
   oracle_ops@para       1.000
   oracle_both@para      1.000
   n                         2
-- novel, paraphrase wording, exact_gold_plan
   condition                 3
   plan_execute@para     0.000
   oracle_plan@para      1.000
   oracle_ops@para       0.000
   oracle_both@para      1.000
   n                         2
-- novel, paraphrase wording, parsed_but_wrong
   condition                 3
   plan_execute@para     1.000
   oracle_plan@para      0.500
   oracle_ops@para       1.000
   oracle_both@para      0.000
   n                         2

-- breadth, paraphrase wording, accuracy
   condition                 2
   plan_execute@para     1.000
   oracle_plan@para      1.000
   oracle_ops@para       1.000
   oracle_both@para      1.000
   n                         2
-- breadth, paraphrase wording, gap recovered
                             2
   floor (original)          .
   plan_execute (raw)    1.000
   ceiling oracle_plan   1.000
   gap recovered             .
-- breadth, paraphrase wording, plan_parses
   condition                 2
   plan_execute@para     1.000
   oracle_plan@para      1.000
   oracle_ops@para       1.000
   oracle_both@para      1.000
   n                         2
-- breadth, paraphrase wording, well_typed
   condition                 2
   plan_execute@para     1.000
   oracle_plan@para      1.000
   oracle_ops@para       1.000
   oracle_both@para      1.000
   n                         2
-- breadth, paraphrase wording, exact_gold_plan
   condition                 2
   plan_execute@para     1.000
   oracle_plan@para      1.000
   oracle_ops@para       1.000
   oracle_both@para      1.000
   n                         2
-- breadth, paraphrase wording, parsed_but_wrong
   condition                 2
   plan_execute@para     0.000
   oracle_plan@para      0.000
   oracle_ops@para       0.000
   oracle_both@para      0.000
   n                         2

==============================================================================
typed   temperature 0.0   step 8000   reinit rows 44
file typed_greedy.json
==============================================================================
oracle_both is 1.000 everywhere: True
cells with no encoding in this representation: 10
   novel d=24 style=0  RepError: plan is longer than the register file
   novel d=32 style=0  RepError: plan is longer than the register file
   sequential d=20 style=0  RepError: plan is longer than the register file
   sequential d=24 style=0  RepError: plan is longer than the register file
   sequential d=32 style=0  RepError: plan is longer than the register file
   novel d=24 style=1  RepError: plan is longer than the register file
   novel d=32 style=1  RepError: plan is longer than the register file
   sequential d=20 style=1  RepError: plan is longer than the register file
induction style=0: {"pages": 5400, "pages_parsed": 5400, "gold_ops": 8097, "induced_ops": 8097, "self_verified": 7683, "exact_text": 7644, "behavioural": 7644}
induction style=1: {"pages": 5400, "pages_parsed": 4685, "gold_ops": 8097, "induced_ops": 7215, "self_verified": 475, "exact_text": 2927, "behavioural": 3156}

-- sequential, original wording, accuracy
   condition                 1       2       3       4       5       6       7       8      10      12      14      16
   plan_execute          1.000   0.987   0.993   0.033   0.020   0.040   0.047   0.007   0.000   0.027   0.020   0.020
   oracle_plan           1.000   1.000   1.000   1.000   1.000   1.000   1.000   1.000   1.000   1.000   1.000   1.000
   oracle_ops            1.000   0.987   0.993   0.033   0.020   0.040   0.047   0.007   0.000   0.027   0.020   0.020
   oracle_both           1.000   1.000   1.000   1.000   1.000   1.000   1.000   1.000   1.000   1.000   1.000   1.000
   n                       150     150     150     150     150     150     150     150     150     150     150     150
-- sequential, original wording, gap recovered
                             1       2       3       4       5       6       7       8      10      12      14      16
   floor (original)      1.000   0.480   0.500   0.020   0.033   0.020   0.007   0.013       .       .       .       .
   plan_execute (raw)    1.000   0.987   0.993   0.033   0.020   0.040   0.047   0.007   0.000   0.027   0.020   0.020
   ceiling oracle_plan   1.000   1.000   1.000   1.000   1.000   1.000   1.000   1.000   1.000   1.000   1.000   1.000
   gap recovered             .   0.974   0.987   0.014  -0.013   0.020   0.040  -0.006       .       .       .       .
-- sequential, original wording, plan_parses
   condition                 1       2       3       4       5       6       7       8      10      12      14      16
   plan_execute          1.000   1.000   1.000   1.000   1.000   1.000   1.000   1.000   0.933   0.973   0.967   0.953
   oracle_plan           1.000   1.000   1.000   1.000   1.000   1.000   1.000   1.000   1.000   1.000   1.000   1.000
   oracle_ops            1.000   1.000   1.000   1.000   1.000   1.000   1.000   1.000   0.933   0.973   0.967   0.953
   oracle_both           1.000   1.000   1.000   1.000   1.000   1.000   1.000   1.000   1.000   1.000   1.000   1.000
   n                       150     150     150     150     150     150     150     150     150     150     150     150
-- sequential, original wording, well_typed
   condition                 1       2       3       4       5       6       7       8      10      12      14      16
   plan_execute          1.000   1.000   1.000   1.000   1.000   1.000   1.000   1.000   0.933   0.973   0.967   0.953
   oracle_plan           1.000   1.000   1.000   1.000   1.000   1.000   1.000   1.000   1.000   1.000   1.000   1.000
   oracle_ops            1.000   1.000   1.000   1.000   1.000   1.000   1.000   1.000   0.933   0.973   0.967   0.953
   oracle_both           1.000   1.000   1.000   1.000   1.000   1.000   1.000   1.000   1.000   1.000   1.000   1.000
   n                       150     150     150     150     150     150     150     150     150     150     150     150
-- sequential, original wording, exact_gold_plan
   condition                 1       2       3       4       5       6       7       8      10      12      14      16
   plan_execute          1.000   0.987   0.993   0.000   0.000   0.000   0.000   0.000   0.000   0.000   0.000   0.000
   oracle_plan           1.000   1.000   1.000   1.000   1.000   1.000   1.000   1.000   1.000   1.000   1.000   1.000
   oracle_ops            1.000   0.987   0.993   0.000   0.000   0.000   0.000   0.000   0.000   0.000   0.000   0.000
   oracle_both           1.000   1.000   1.000   1.000   1.000   1.000   1.000   1.000   1.000   1.000   1.000   1.000
   n                       150     150     150     150     150     150     150     150     150     150     150     150
-- sequential, original wording, parsed_but_wrong
   condition                 1       2       3       4       5       6       7       8      10      12      14      16
   plan_execute          0.000   0.013   0.007   0.967   0.980   0.960   0.953   0.993   0.933   0.947   0.947   0.933
   oracle_plan           0.000   0.000   0.000   0.000   0.000   0.000   0.000   0.000   0.000   0.000   0.000   0.000
   oracle_ops            0.000   0.013   0.007   0.967   0.980   0.960   0.953   0.993   0.933   0.947   0.947   0.933
   oracle_both           0.000   0.000   0.000   0.000   0.000   0.000   0.000   0.000   0.000   0.000   0.000   0.000
   n                       150     150     150     150     150     150     150     150     150     150     150     150
   shape plan_execute         {"span": 1.0, "first": 1.0, "last": 0.02, "largest_single_step_drop": {"from_depth": 3, "to_depth": 4, "drop": 0.96}, "decay_per_depth": 0.2496, "half_life_depths": 2.78, "fit_over_depths": [1, 2, 3, 4, 5, 6, 7, 8, 12, 14, 16], "shape": "cliff"}
   shape oracle_plan          {"span": 0.0, "first": 1.0, "last": 1.0, "largest_single_step_drop": {"from_depth": 1, "to_depth": 2, "drop": 0.0}, "decay_per_depth": -0.0, "fit_over_depths": [1, 2, 3, 4, 5, 6, 7, 8, 10, 12, 14, 16], "shape": "flat"}
   shape oracle_ops           {"span": 1.0, "first": 1.0, "last": 0.02, "largest_single_step_drop": {"from_depth": 3, "to_depth": 4, "drop": 0.96}, "decay_per_depth": 0.2496, "half_life_depths": 2.78, "fit_over_depths": [1, 2, 3, 4, 5, 6, 7, 8, 12, 14, 16], "shape": "cliff"}
   shape oracle_both          {"span": 0.0, "first": 1.0, "last": 1.0, "largest_single_step_drop": {"from_depth": 1, "to_depth": 2, "drop": 0.0}, "decay_per_depth": -0.0, "fit_over_depths": [1, 2, 3, 4, 5, 6, 7, 8, 10, 12, 14, 16], "shape": "flat"}

-- novel, original wording, accuracy
   condition                 2       3       4       5       6       8      12      16
   plan_execute          0.013   0.020   0.007   0.013   0.000   0.007   0.013   0.020
   oracle_plan           1.000   1.000   1.000   1.000   1.000   1.000   1.000   1.000
   oracle_ops            0.013   0.020   0.007   0.013   0.000   0.007   0.013   0.020
   oracle_both           1.000   1.000   1.000   1.000   1.000   1.000   1.000   1.000
   n                       150     150     150     150     150     150     150     150
-- novel, original wording, gap recovered
                             2       3       4       5       6       8      12      16
   floor (original)      0.013   0.013   0.013   0.013   0.013   0.013   0.013   0.013
   plan_execute (raw)    0.013   0.020   0.007   0.013   0.000   0.007   0.013   0.020
   ceiling oracle_plan   1.000   1.000   1.000   1.000   1.000   1.000   1.000   1.000
   gap recovered         0.000   0.007  -0.006   0.000  -0.013  -0.006   0.000   0.007
-- novel, original wording, plan_parses
   condition                 2       3       4       5       6       8      12      16
   plan_execute          1.000   1.000   1.000   0.927   0.260   1.000   0.973   0.953
   oracle_plan           1.000   1.000   1.000   1.000   1.000   1.000   1.000   1.000
   oracle_ops            1.000   1.000   1.000   0.927   0.267   1.000   0.973   0.953
   oracle_both           1.000   1.000   1.000   1.000   1.000   1.000   1.000   1.000
   n                       150     150     150     150     150     150     150     150
-- novel, original wording, well_typed
   condition                 2       3       4       5       6       8      12      16
   plan_execute          1.000   1.000   0.880   0.913   0.247   0.900   0.860   0.873
   oracle_plan           1.000   1.000   1.000   1.000   1.000   1.000   1.000   1.000
   oracle_ops            1.000   1.000   0.880   0.913   0.253   0.900   0.860   0.873
   oracle_both           1.000   1.000   1.000   1.000   1.000   1.000   1.000   1.000
   n                       150     150     150     150     150     150     150     150
-- novel, original wording, exact_gold_plan
   condition                 2       3       4       5       6       8      12      16
   plan_execute          0.000   0.000   0.000   0.000   0.000   0.000   0.000   0.000
   oracle_plan           1.000   1.000   1.000   1.000   1.000   1.000   1.000   1.000
   oracle_ops            0.000   0.000   0.000   0.000   0.000   0.000   0.000   0.000
   oracle_both           1.000   1.000   1.000   1.000   1.000   1.000   1.000   1.000
   n                       150     150     150     150     150     150     150     150
-- novel, original wording, parsed_but_wrong
   condition                 2       3       4       5       6       8      12      16
   plan_execute          0.987   0.980   0.993   0.913   0.260   0.993   0.960   0.933
   oracle_plan           0.000   0.000   0.000   0.000   0.000   0.000   0.000   0.000
   oracle_ops            0.987   0.980   0.993   0.913   0.267   0.993   0.960   0.933
   oracle_both           0.000   0.000   0.000   0.000   0.000   0.000   0.000   0.000
   n                       150     150     150     150     150     150     150     150
   shape plan_execute         {"span": 0.02, "first": 0.0133, "last": 0.02, "largest_single_step_drop": {"from_depth": 3, "to_depth": 4, "drop": 0.0133}, "decay_per_depth": -0.0217, "fit_over_depths": [2, 3, 4, 5, 8, 12, 16], "shape": "flat"}
   shape oracle_plan          {"span": 0.0, "first": 1.0, "last": 1.0, "largest_single_step_drop": {"from_depth": 2, "to_depth": 3, "drop": 0.0}, "decay_per_depth": -0.0, "fit_over_depths": [2, 3, 4, 5, 6, 8, 12, 16], "shape": "flat"}
   shape oracle_ops           {"span": 0.02, "first": 0.0133, "last": 0.02, "largest_single_step_drop": {"from_depth": 3, "to_depth": 4, "drop": 0.0133}, "decay_per_depth": -0.0217, "fit_over_depths": [2, 3, 4, 5, 8, 12, 16], "shape": "flat"}
   shape oracle_both          {"span": 0.0, "first": 1.0, "last": 1.0, "largest_single_step_drop": {"from_depth": 2, "to_depth": 3, "drop": 0.0}, "decay_per_depth": -0.0, "fit_over_depths": [2, 3, 4, 5, 6, 8, 12, 16], "shape": "flat"}

-- breadth, original wording, accuracy
   condition                 1       2       3       4       5       6
   plan_execute          1.000   1.000   1.000   0.507   0.227   0.133
   oracle_plan           1.000   1.000   1.000   0.000   0.000   0.000
   oracle_ops            1.000   1.000   1.000   0.000   0.000   0.000
   oracle_both           1.000   1.000   1.000   1.000   1.000   1.000
   n                       150     150     150     150     150     150
-- breadth, original wording, gap recovered
                             1       2       3       4       5       6
   floor (original)          .       .       .   0.420       .       .
   plan_execute (raw)    1.000   1.000   1.000   0.507   0.227   0.133
   ceiling oracle_plan   1.000   1.000   1.000   0.000   0.000   0.000
   gap recovered             .       .       .       .       .       .
-- breadth, original wording, plan_parses
   condition                 1       2       3       4       5       6
   plan_execute          1.000   1.000   1.000   1.000   1.000   1.000
   oracle_plan           1.000   1.000   1.000   1.000   1.000   1.000
   oracle_ops            1.000   1.000   1.000   1.000   1.000   1.000
   oracle_both           1.000   1.000   1.000   1.000   1.000   1.000
   n                       150     150     150     150     150     150
-- breadth, original wording, well_typed
   condition                 1       2       3       4       5       6
   plan_execute          1.000   1.000   1.000   1.000   1.000   1.000
   oracle_plan           1.000   1.000   1.000   0.000   0.000   0.000
   oracle_ops            1.000   1.000   1.000   0.000   0.000   0.000
   oracle_both           1.000   1.000   1.000   1.000   1.000   1.000
   n                       150     150     150     150     150     150
-- breadth, original wording, exact_gold_plan
   condition                 1       2       3       4       5       6
   plan_execute          1.000   1.000   1.000   0.000   0.000   0.000
   oracle_plan           1.000   1.000   1.000   1.000   1.000   1.000
   oracle_ops            1.000   1.000   1.000   0.000   0.000   0.000
   oracle_both           1.000   1.000   1.000   1.000   1.000   1.000
   n                       150     150     150     150     150     150
-- breadth, original wording, parsed_but_wrong
   condition                 1       2       3       4       5       6
   plan_execute          0.000   0.000   0.000   0.493   0.773   0.867
   oracle_plan           0.000   0.000   0.000   1.000   1.000   1.000
   oracle_ops            0.000   0.000   0.000   1.000   1.000   1.000
   oracle_both           0.000   0.000   0.000   0.000   0.000   0.000
   n                       150     150     150     150     150     150
   shape plan_execute         {"span": 0.8667, "first": 1.0, "last": 0.1333, "largest_single_step_drop": {"from_depth": 3, "to_depth": 4, "drop": 0.4933}, "decay_per_depth": 0.4345, "half_life_depths": 1.6, "fit_over_depths": [1, 2, 3, 4, 5, 6], "shape": "cliff"}
   shape oracle_plan          {"span": 1.0, "first": 1.0, "last": 0.0, "largest_single_step_drop": {"from_depth": 3, "to_depth": 4, "drop": 1.0}, "decay_per_depth": -0.0, "fit_over_depths": [1, 2, 3], "shape": "cliff"}
   shape oracle_ops           {"span": 1.0, "first": 1.0, "last": 0.0, "largest_single_step_drop": {"from_depth": 3, "to_depth": 4, "drop": 1.0}, "decay_per_depth": -0.0, "fit_over_depths": [1, 2, 3], "shape": "cliff"}
   shape oracle_both          {"span": 0.0, "first": 1.0, "last": 1.0, "largest_single_step_drop": {"from_depth": 1, "to_depth": 2, "drop": 0.0}, "decay_per_depth": -0.0, "fit_over_depths": [1, 2, 3, 4, 5, 6], "shape": "flat"}

-- sequential_paren, original wording, accuracy
   condition                 2       3       4       5       6
   plan_execute          1.000   1.000   0.027   0.040   0.013
   oracle_plan           1.000   1.000   1.000   1.000   1.000
   oracle_ops            1.000   1.000   0.027   0.040   0.013
   oracle_both           1.000   1.000   1.000   1.000   1.000
   n                       150     150     150     150     150
-- sequential_paren, original wording, gap recovered
                             2       3       4       5       6
   floor (original)          .       .       .       .       .
   plan_execute (raw)    1.000   1.000   0.027   0.040   0.013
   ceiling oracle_plan   1.000   1.000   1.000   1.000   1.000
   gap recovered             .       .       .       .       .
-- sequential_paren, original wording, plan_parses
   condition                 2       3       4       5       6
   plan_execute          1.000   1.000   1.000   0.907   0.307
   oracle_plan           1.000   1.000   1.000   1.000   1.000
   oracle_ops            1.000   1.000   1.000   0.907   0.307
   oracle_both           1.000   1.000   1.000   1.000   1.000
   n                       150     150     150     150     150
-- sequential_paren, original wording, well_typed
   condition                 2       3       4       5       6
   plan_execute          1.000   1.000   0.907   0.880   0.293
   oracle_plan           1.000   1.000   1.000   1.000   1.000
   oracle_ops            1.000   1.000   0.907   0.880   0.293
   oracle_both           1.000   1.000   1.000   1.000   1.000
   n                       150     150     150     150     150
-- sequential_paren, original wording, exact_gold_plan
   condition                 2       3       4       5       6
   plan_execute          1.000   1.000   0.000   0.000   0.000
   oracle_plan           1.000   1.000   1.000   1.000   1.000
   oracle_ops            1.000   1.000   0.000   0.000   0.000
   oracle_both           1.000   1.000   1.000   1.000   1.000
   n                       150     150     150     150     150
-- sequential_paren, original wording, parsed_but_wrong
   condition                 2       3       4       5       6
   plan_execute          0.000   0.000   0.973   0.867   0.293
   oracle_plan           0.000   0.000   0.000   0.000   0.000
   oracle_ops            0.000   0.000   0.973   0.867   0.293
   oracle_both           0.000   0.000   0.000   0.000   0.000
   n                       150     150     150     150     150
   shape plan_execute         {"span": 0.9867, "first": 1.0, "last": 0.0133, "largest_single_step_drop": {"from_depth": 3, "to_depth": 4, "drop": 0.9733}, "decay_per_depth": 1.1859, "half_life_depths": 0.58, "fit_over_depths": [2, 3, 4, 5, 6], "shape": "cliff"}
   shape oracle_plan          {"span": 0.0, "first": 1.0, "last": 1.0, "largest_single_step_drop": {"from_depth": 2, "to_depth": 3, "drop": 0.0}, "decay_per_depth": -0.0, "fit_over_depths": [2, 3, 4, 5, 6], "shape": "flat"}
   shape oracle_ops           {"span": 0.9867, "first": 1.0, "last": 0.0133, "largest_single_step_drop": {"from_depth": 3, "to_depth": 4, "drop": 0.9733}, "decay_per_depth": 1.1859, "half_life_depths": 0.58, "fit_over_depths": [2, 3, 4, 5, 6], "shape": "cliff"}
   shape oracle_both          {"span": 0.0, "first": 1.0, "last": 1.0, "largest_single_step_drop": {"from_depth": 2, "to_depth": 3, "drop": 0.0}, "decay_per_depth": -0.0, "fit_over_depths": [2, 3, 4, 5, 6], "shape": "flat"}

-- sequential, paraphrase wording, accuracy
   condition                 1       2       3       4       5       6       7       8      10      12      14      16
   plan_execute@para     0.713   0.360   0.353   0.013   0.013   0.033   0.020   0.007   0.000   0.007   0.013   0.007
   oracle_plan@para      0.713   0.780   0.747   0.753   0.707   0.760   0.733   0.733   0.747   0.747   0.753   0.693
   oracle_ops@para       1.000   0.987   0.993   0.033   0.020   0.040   0.047   0.007   0.000   0.027   0.020   0.020
   oracle_both@para      1.000   1.000   1.000   1.000   1.000   1.000   1.000   1.000   1.000   1.000   1.000   1.000
   n                       150     150     150     150     150     150     150     150     150     150     150     150
-- sequential, paraphrase wording, gap recovered
                             1       2       3       4       5       6       7       8      10      12      14      16
   floor (original)      0.600   0.313   0.293   0.007   0.027   0.020   0.007   0.007       .       .       .       .
   plan_execute (raw)    0.713   0.360   0.353   0.013   0.013   0.033   0.020   0.007   0.000   0.007   0.013   0.007
   ceiling oracle_plan   0.713   0.780   0.747   0.753   0.707   0.760   0.733   0.733   0.747   0.747   0.753   0.693
   gap recovered             .   0.101   0.133   0.008  -0.020   0.018   0.018  -0.000       .       .       .       .
-- sequential, paraphrase wording, plan_parses
   condition                 1       2       3       4       5       6       7       8      10      12      14      16
   plan_execute@para     0.980   0.993   0.993   0.993   0.987   0.987   0.987   0.987   0.940   0.973   0.980   0.920
   oracle_plan@para      0.713   0.780   0.747   0.753   0.707   0.760   0.733   0.733   0.747   0.747   0.753   0.693
   oracle_ops@para       1.000   1.000   1.000   1.000   1.000   1.000   1.000   1.000   0.933   0.973   0.967   0.953
   oracle_both@para      1.000   1.000   1.000   1.000   1.000   1.000   1.000   1.000   1.000   1.000   1.000   1.000
   n                       150     150     150     150     150     150     150     150     150     150     150     150
-- sequential, paraphrase wording, well_typed
   condition                 1       2       3       4       5       6       7       8      10      12      14      16
   plan_execute@para     0.853   0.873   0.887   0.893   0.867   0.880   0.887   0.867   0.853   0.840   0.840   0.800
   oracle_plan@para      0.713   0.780   0.747   0.753   0.707   0.760   0.733   0.733   0.747   0.747   0.753   0.693
   oracle_ops@para       1.000   1.000   1.000   1.000   1.000   1.000   1.000   1.000   0.933   0.973   0.967   0.953
   oracle_both@para      1.000   1.000   1.000   1.000   1.000   1.000   1.000   1.000   1.000   1.000   1.000   1.000
   n                       150     150     150     150     150     150     150     150     150     150     150     150
-- sequential, paraphrase wording, exact_gold_plan
   condition                 1       2       3       4       5       6       7       8      10      12      14      16
   plan_execute@para     0.713   0.347   0.347   0.000   0.000   0.000   0.000   0.000   0.000   0.000   0.000   0.000
   oracle_plan@para      0.713   0.780   0.747   0.753   0.707   0.760   0.733   0.733   0.747   0.747   0.753   0.693
   oracle_ops@para       1.000   0.987   0.993   0.000   0.000   0.000   0.000   0.000   0.000   0.000   0.000   0.000
   oracle_both@para      1.000   1.000   1.000   1.000   1.000   1.000   1.000   1.000   1.000   1.000   1.000   1.000
   n                       150     150     150     150     150     150     150     150     150     150     150     150
-- sequential, paraphrase wording, parsed_but_wrong
   condition                 1       2       3       4       5       6       7       8      10      12      14      16
   plan_execute@para     0.267   0.633   0.640   0.980   0.973   0.953   0.967   0.980   0.940   0.967   0.967   0.913
   oracle_plan@para      0.000   0.000   0.000   0.000   0.000   0.000   0.000   0.000   0.000   0.000   0.000   0.000
   oracle_ops@para       0.000   0.013   0.007   0.967   0.980   0.960   0.953   0.993   0.933   0.947   0.947   0.933
   oracle_both@para      0.000   0.000   0.000   0.000   0.000   0.000   0.000   0.000   0.000   0.000   0.000   0.000
   n                       150     150     150     150     150     150     150     150     150     150     150     150
   shape plan_execute@para    {"span": 0.7133, "first": 0.7133, "last": 0.0067, "largest_single_step_drop": {"from_depth": 1, "to_depth": 2, "drop": 0.3533}, "decay_per_depth": 0.2657, "half_life_depths": 2.61, "fit_over_depths": [1, 2, 3, 4, 5, 6, 7, 8, 12, 14, 16], "shape": "decaying"}
   shape oracle_plan@para     {"span": 0.0867, "first": 0.7133, "last": 0.6933, "largest_single_step_drop": {"from_depth": 14, "to_depth": 16, "drop": 0.06}, "decay_per_depth": 0.0018, "half_life_depths": 385.65, "fit_over_depths": [1, 2, 3, 4, 5, 6, 7, 8, 10, 12, 14, 16], "shape": "flat"}
   shape oracle_ops@para      {"span": 1.0, "first": 1.0, "last": 0.02, "largest_single_step_drop": {"from_depth": 3, "to_depth": 4, "drop": 0.96}, "decay_per_depth": 0.2496, "half_life_depths": 2.78, "fit_over_depths": [1, 2, 3, 4, 5, 6, 7, 8, 12, 14, 16], "shape": "cliff"}
   shape oracle_both@para     {"span": 0.0, "first": 1.0, "last": 1.0, "largest_single_step_drop": {"from_depth": 1, "to_depth": 2, "drop": 0.0}, "decay_per_depth": -0.0, "fit_over_depths": [1, 2, 3, 4, 5, 6, 7, 8, 10, 12, 14, 16], "shape": "flat"}

-- novel, paraphrase wording, accuracy
   condition                 2       3       4       5       6       8      12      16
   plan_execute@para     0.027   0.040   0.013   0.000   0.000   0.007   0.020   0.020
   oracle_plan@para      0.547   0.547   0.547   0.547   0.547   0.547   0.547   0.547
   oracle_ops@para       0.013   0.020   0.007   0.013   0.000   0.007   0.013   0.020
   oracle_both@para      1.000   1.000   1.000   1.000   1.000   1.000   1.000   1.000
   n                       150     150     150     150     150     150     150     150
-- novel, paraphrase wording, gap recovered
                             2       3       4       5       6       8      12      16
   floor (original)          .       .       .       .       .       .       .       .
   plan_execute (raw)    0.027   0.040   0.013   0.000   0.000   0.007   0.020   0.020
   ceiling oracle_plan   0.547   0.547   0.547   0.547   0.547   0.547   0.547   0.547
   gap recovered             .       .       .       .       .       .       .       .
-- novel, paraphrase wording, plan_parses
   condition                 2       3       4       5       6       8      12      16
   plan_execute@para     0.993   0.980   0.960   0.920   0.253   0.973   0.960   0.940
   oracle_plan@para      0.547   0.547   0.547   0.547   0.547   0.547   0.547   0.547
   oracle_ops@para       1.000   1.000   1.000   0.927   0.267   1.000   0.980   0.953
   oracle_both@para      1.000   1.000   1.000   1.000   1.000   1.000   1.000   1.000
   n                       150     150     150     150     150     150     150     150
-- novel, paraphrase wording, well_typed
   condition                 2       3       4       5       6       8      12      16
   plan_execute@para     0.913   0.907   0.793   0.840   0.227   0.847   0.807   0.787
   oracle_plan@para      0.547   0.547   0.547   0.547   0.547   0.547   0.547   0.547
   oracle_ops@para       1.000   1.000   0.880   0.913   0.253   0.900   0.867   0.873
   oracle_both@para      1.000   1.000   1.000   1.000   1.000   1.000   1.000   1.000
   n                       150     150     150     150     150     150     150     150
-- novel, paraphrase wording, exact_gold_plan
   condition                 2       3       4       5       6       8      12      16
   plan_execute@para     0.000   0.000   0.000   0.000   0.000   0.000   0.000   0.000
   oracle_plan@para      0.547   0.547   0.547   0.547   0.547   0.547   0.547   0.547
   oracle_ops@para       0.000   0.000   0.000   0.000   0.000   0.000   0.000   0.000
   oracle_both@para      1.000   1.000   1.000   1.000   1.000   1.000   1.000   1.000
   n                       150     150     150     150     150     150     150     150
-- novel, paraphrase wording, parsed_but_wrong
   condition                 2       3       4       5       6       8      12      16
   plan_execute@para     0.967   0.940   0.947   0.920   0.253   0.967   0.940   0.920
   oracle_plan@para      0.000   0.000   0.000   0.000   0.000   0.000   0.000   0.000
   oracle_ops@para       0.987   0.980   0.993   0.913   0.267   0.993   0.967   0.933
   oracle_both@para      0.000   0.000   0.000   0.000   0.000   0.000   0.000   0.000
   n                       150     150     150     150     150     150     150     150
   shape plan_execute@para    {"span": 0.04, "first": 0.0267, "last": 0.02, "largest_single_step_drop": {"from_depth": 3, "to_depth": 4, "drop": 0.0267}, "decay_per_depth": 0.0246, "half_life_depths": 28.16, "fit_over_depths": [2, 3, 4, 8, 12, 16], "shape": "flat"}
   shape oracle_plan@para     {"span": 0.0, "first": 0.5467, "last": 0.5467, "largest_single_step_drop": {"from_depth": 2, "to_depth": 3, "drop": 0.0}, "decay_per_depth": -0.0, "fit_over_depths": [2, 3, 4, 5, 6, 8, 12, 16], "shape": "flat"}
   shape oracle_ops@para      {"span": 0.02, "first": 0.0133, "last": 0.02, "largest_single_step_drop": {"from_depth": 3, "to_depth": 4, "drop": 0.0133}, "decay_per_depth": -0.0217, "fit_over_depths": [2, 3, 4, 5, 8, 12, 16], "shape": "flat"}
   shape oracle_both@para     {"span": 0.0, "first": 1.0, "last": 1.0, "largest_single_step_drop": {"from_depth": 2, "to_depth": 3, "drop": 0.0}, "decay_per_depth": -0.0, "fit_over_depths": [2, 3, 4, 5, 6, 8, 12, 16], "shape": "flat"}

-- breadth, paraphrase wording, accuracy
   condition                 1       2       3       4       5       6
   plan_execute@para     0.253   0.240   0.240   0.213   0.213   0.180
   oracle_plan@para      0.253   0.240   0.207   0.000   0.000   0.000
   oracle_ops@para       1.000   1.000   1.000   0.000   0.000   0.000
   oracle_both@para      1.000   1.000   1.000   1.000   1.000   1.000
   n                       150     150     150     150     150     150
-- breadth, paraphrase wording, gap recovered
                             1       2       3       4       5       6
   floor (original)          .       .       .       .       .       .
   plan_execute (raw)    0.253   0.240   0.240   0.213   0.213   0.180
   ceiling oracle_plan   0.253   0.240   0.207   0.000   0.000   0.000
   gap recovered             .       .       .       .       .       .
-- breadth, paraphrase wording, plan_parses
   condition                 1       2       3       4       5       6
   plan_execute@para     1.000   1.000   0.987   0.980   1.000   1.000
   oracle_plan@para      0.253   0.240   0.413   0.687   0.793   0.907
   oracle_ops@para       1.000   1.000   1.000   1.000   1.000   1.000
   oracle_both@para      1.000   1.000   1.000   1.000   1.000   1.000
   n                       150     150     150     150     150     150
-- breadth, paraphrase wording, well_typed
   condition                 1       2       3       4       5       6
   plan_execute@para     0.253   0.240   0.400   0.667   0.793   0.907
   oracle_plan@para      0.253   0.240   0.287   0.000   0.000   0.000
   oracle_ops@para       1.000   1.000   1.000   0.000   0.000   0.000
   oracle_both@para      1.000   1.000   1.000   1.000   1.000   1.000
   n                       150     150     150     150     150     150
-- breadth, paraphrase wording, exact_gold_plan
   condition                 1       2       3       4       5       6
   plan_execute@para     0.253   0.240   0.280   0.000   0.000   0.000
   oracle_plan@para      0.253   0.240   0.413   0.687   0.793   0.907
   oracle_ops@para       1.000   1.000   1.000   0.000   0.000   0.000
   oracle_both@para      1.000   1.000   1.000   1.000   1.000   1.000
   n                       150     150     150     150     150     150
-- breadth, paraphrase wording, parsed_but_wrong
   condition                 1       2       3       4       5       6
   plan_execute@para     0.747   0.760   0.747   0.767   0.787   0.820
   oracle_plan@para      0.000   0.000   0.207   0.687   0.793   0.907
   oracle_ops@para       0.000   0.000   0.000   1.000   1.000   1.000
   oracle_both@para      0.000   0.000   0.000   0.000   0.000   0.000
   n                       150     150     150     150     150     150
   shape plan_execute@para    {"span": 0.0733, "first": 0.2533, "last": 0.18, "largest_single_step_drop": {"from_depth": 5, "to_depth": 6, "drop": 0.0333}, "decay_per_depth": 0.0623, "half_life_depths": 11.13, "fit_over_depths": [1, 2, 3, 4, 5, 6], "shape": "flat"}
   shape oracle_plan@para     {"span": 0.2533, "first": 0.2533, "last": 0.0, "largest_single_step_drop": {"from_depth": 3, "to_depth": 4, "drop": 0.2067}, "decay_per_depth": 0.1017, "half_life_depths": 6.82, "fit_over_depths": [1, 2, 3], "shape": "decaying"}
   shape oracle_ops@para      {"span": 1.0, "first": 1.0, "last": 0.0, "largest_single_step_drop": {"from_depth": 3, "to_depth": 4, "drop": 1.0}, "decay_per_depth": -0.0, "fit_over_depths": [1, 2, 3], "shape": "cliff"}
   shape oracle_both@para     {"span": 0.0, "first": 1.0, "last": 1.0, "largest_single_step_drop": {"from_depth": 1, "to_depth": 2, "drop": 0.0}, "decay_per_depth": -0.0, "fit_over_depths": [1, 2, 3, 4, 5, 6], "shape": "flat"}

-- sequential_paren, paraphrase wording, accuracy
   condition                 2       3       4       5       6
   plan_execute@para     0.727   0.687   0.033   0.033   0.013
   oracle_plan@para      0.733   0.693   0.727   0.727   0.700
   oracle_ops@para       1.000   1.000   0.027   0.040   0.013
   oracle_both@para      1.000   1.000   1.000   1.000   1.000
   n                       150     150     150     150     150
-- sequential_paren, paraphrase wording, gap recovered
                             2       3       4       5       6
   floor (original)          .       .       .       .       .
   plan_execute (raw)    0.727   0.687   0.033   0.033   0.013
   ceiling oracle_plan   0.733   0.693   0.727   0.727   0.700
   gap recovered             .       .       .       .       .
-- sequential_paren, paraphrase wording, plan_parses
   condition                 2       3       4       5       6
   plan_execute@para     0.947   0.940   0.933   0.860   0.280
   oracle_plan@para      0.733   0.693   0.727   0.727   0.700
   oracle_ops@para       1.000   1.000   1.000   0.907   0.307
   oracle_both@para      1.000   1.000   1.000   1.000   1.000
   n                       150     150     150     150     150
-- sequential_paren, paraphrase wording, well_typed
   condition                 2       3       4       5       6
   plan_execute@para     0.840   0.780   0.707   0.720   0.247
   oracle_plan@para      0.733   0.693   0.727   0.727   0.700
   oracle_ops@para       1.000   1.000   0.907   0.880   0.293
   oracle_both@para      1.000   1.000   1.000   1.000   1.000
   n                       150     150     150     150     150
-- sequential_paren, paraphrase wording, exact_gold_plan
   condition                 2       3       4       5       6
   plan_execute@para     0.727   0.687   0.000   0.000   0.000
   oracle_plan@para      0.733   0.693   0.727   0.727   0.700
   oracle_ops@para       1.000   1.000   0.000   0.000   0.000
   oracle_both@para      1.000   1.000   1.000   1.000   1.000
   n                       150     150     150     150     150
-- sequential_paren, paraphrase wording, parsed_but_wrong
   condition                 2       3       4       5       6
   plan_execute@para     0.220   0.253   0.900   0.827   0.267
   oracle_plan@para      0.000   0.000   0.000   0.000   0.000
   oracle_ops@para       0.000   0.000   0.973   0.867   0.293
   oracle_both@para      0.000   0.000   0.000   0.000   0.000
   n                       150     150     150     150     150
   shape plan_execute@para    {"span": 0.7134, "first": 0.7267, "last": 0.0133, "largest_single_step_drop": {"from_depth": 3, "to_depth": 4, "drop": 0.6534}, "decay_per_depth": 1.1028, "half_life_depths": 0.63, "fit_over_depths": [2, 3, 4, 5, 6], "shape": "cliff"}
   shape oracle_plan@para     {"span": 0.04, "first": 0.7333, "last": 0.7, "largest_single_step_drop": {"from_depth": 2, "to_depth": 3, "drop": 0.04}, "decay_per_depth": 0.0046, "half_life_depths": 151.02, "fit_over_depths": [2, 3, 4, 5, 6], "shape": "flat"}
   shape oracle_ops@para      {"span": 0.9867, "first": 1.0, "last": 0.0133, "largest_single_step_drop": {"from_depth": 3, "to_depth": 4, "drop": 0.9733}, "decay_per_depth": 1.1859, "half_life_depths": 0.58, "fit_over_depths": [2, 3, 4, 5, 6], "shape": "cliff"}
   shape oracle_both@para     {"span": 0.0, "first": 1.0, "last": 1.0, "largest_single_step_drop": {"from_depth": 2, "to_depth": 3, "drop": 0.0}, "decay_per_depth": -0.0, "fit_over_depths": [2, 3, 4, 5, 6], "shape": "flat"}

==============================================================================
typed   temperature 0.8   step 8000   reinit rows 44
file typed_sampled.json
==============================================================================
oracle_both is 1.000 everywhere: True
cells with no encoding in this representation: 10
   novel d=24 style=0  RepError: plan is longer than the register file
   novel d=32 style=0  RepError: plan is longer than the register file
   sequential d=20 style=0  RepError: plan is longer than the register file
   sequential d=24 style=0  RepError: plan is longer than the register file
   sequential d=32 style=0  RepError: plan is longer than the register file
   novel d=24 style=1  RepError: plan is longer than the register file
   novel d=32 style=1  RepError: plan is longer than the register file
   sequential d=20 style=1  RepError: plan is longer than the register file
induction style=0: {"pages": 5400, "pages_parsed": 5400, "gold_ops": 8097, "induced_ops": 8097, "self_verified": 7683, "exact_text": 7644, "behavioural": 7644}
induction style=1: {"pages": 5400, "pages_parsed": 4685, "gold_ops": 8097, "induced_ops": 7216, "self_verified": 475, "exact_text": 2926, "behavioural": 3155}

-- sequential, original wording, accuracy
   condition                 1       2       3       4       5       6       7       8      10      12      14      16
   plan_execute          1.000   0.987   0.993   0.033   0.020   0.033   0.047   0.007   0.000   0.020   0.013   0.013
   oracle_plan           1.000   1.000   1.000   1.000   1.000   1.000   1.000   1.000   1.000   1.000   1.000   1.000
   oracle_ops            1.000   0.987   0.993   0.033   0.020   0.033   0.047   0.007   0.000   0.020   0.013   0.013
   oracle_both           1.000   1.000   1.000   1.000   1.000   1.000   1.000   1.000   1.000   1.000   1.000   1.000
   n                       150     150     150     150     150     150     150     150     150     150     150     150
-- sequential, original wording, gap recovered
                             1       2       3       4       5       6       7       8      10      12      14      16
   floor (original)      1.000   0.480   0.500   0.020   0.033   0.020   0.007   0.013       .       .       .       .
   plan_execute (raw)    1.000   0.987   0.993   0.033   0.020   0.033   0.047   0.007   0.000   0.020   0.013   0.013
   ceiling oracle_plan   1.000   1.000   1.000   1.000   1.000   1.000   1.000   1.000   1.000   1.000   1.000   1.000
   gap recovered             .   0.974   0.987   0.014  -0.013   0.014   0.040  -0.006       .       .       .       .
-- sequential, original wording, plan_parses
   condition                 1       2       3       4       5       6       7       8      10      12      14      16
   plan_execute          1.000   1.000   1.000   1.000   1.000   1.000   1.000   0.960   0.933   0.973   0.967   0.960
   oracle_plan           1.000   1.000   1.000   1.000   1.000   1.000   1.000   1.000   1.000   1.000   1.000   1.000
   oracle_ops            1.000   1.000   1.000   1.000   1.000   1.000   1.000   0.960   0.933   0.973   0.967   0.960
   oracle_both           1.000   1.000   1.000   1.000   1.000   1.000   1.000   1.000   1.000   1.000   1.000   1.000
   n                       150     150     150     150     150     150     150     150     150     150     150     150
-- sequential, original wording, well_typed
   condition                 1       2       3       4       5       6       7       8      10      12      14      16
   plan_execute          1.000   1.000   1.000   1.000   1.000   1.000   1.000   0.960   0.933   0.973   0.967   0.960
   oracle_plan           1.000   1.000   1.000   1.000   1.000   1.000   1.000   1.000   1.000   1.000   1.000   1.000
   oracle_ops            1.000   1.000   1.000   1.000   1.000   1.000   1.000   0.960   0.933   0.973   0.967   0.960
   oracle_both           1.000   1.000   1.000   1.000   1.000   1.000   1.000   1.000   1.000   1.000   1.000   1.000
   n                       150     150     150     150     150     150     150     150     150     150     150     150
-- sequential, original wording, exact_gold_plan
   condition                 1       2       3       4       5       6       7       8      10      12      14      16
   plan_execute          1.000   0.987   0.993   0.000   0.000   0.000   0.000   0.000   0.000   0.000   0.000   0.000
   oracle_plan           1.000   1.000   1.000   1.000   1.000   1.000   1.000   1.000   1.000   1.000   1.000   1.000
   oracle_ops            1.000   0.987   0.993   0.000   0.000   0.000   0.000   0.000   0.000   0.000   0.000   0.000
   oracle_both           1.000   1.000   1.000   1.000   1.000   1.000   1.000   1.000   1.000   1.000   1.000   1.000
   n                       150     150     150     150     150     150     150     150     150     150     150     150
-- sequential, original wording, parsed_but_wrong
   condition                 1       2       3       4       5       6       7       8      10      12      14      16
   plan_execute          0.000   0.013   0.007   0.967   0.980   0.967   0.953   0.953   0.933   0.953   0.953   0.947
   oracle_plan           0.000   0.000   0.000   0.000   0.000   0.000   0.000   0.000   0.000   0.000   0.000   0.000
   oracle_ops            0.000   0.013   0.007   0.967   0.980   0.967   0.953   0.953   0.933   0.953   0.953   0.947
   oracle_both           0.000   0.000   0.000   0.000   0.000   0.000   0.000   0.000   0.000   0.000   0.000   0.000
   n                       150     150     150     150     150     150     150     150     150     150     150     150
   shape plan_execute         {"span": 1.0, "first": 1.0, "last": 0.0133, "largest_single_step_drop": {"from_depth": 3, "to_depth": 4, "drop": 0.96}, "decay_per_depth": 0.2807, "half_life_depths": 2.47, "fit_over_depths": [1, 2, 3, 4, 5, 6, 7, 8, 12, 14, 16], "shape": "cliff"}
   shape oracle_plan          {"span": 0.0, "first": 1.0, "last": 1.0, "largest_single_step_drop": {"from_depth": 1, "to_depth": 2, "drop": 0.0}, "decay_per_depth": -0.0, "fit_over_depths": [1, 2, 3, 4, 5, 6, 7, 8, 10, 12, 14, 16], "shape": "flat"}
   shape oracle_ops           {"span": 1.0, "first": 1.0, "last": 0.0133, "largest_single_step_drop": {"from_depth": 3, "to_depth": 4, "drop": 0.96}, "decay_per_depth": 0.2807, "half_life_depths": 2.47, "fit_over_depths": [1, 2, 3, 4, 5, 6, 7, 8, 12, 14, 16], "shape": "cliff"}
   shape oracle_both          {"span": 0.0, "first": 1.0, "last": 1.0, "largest_single_step_drop": {"from_depth": 1, "to_depth": 2, "drop": 0.0}, "decay_per_depth": -0.0, "fit_over_depths": [1, 2, 3, 4, 5, 6, 7, 8, 10, 12, 14, 16], "shape": "flat"}

-- novel, original wording, accuracy
   condition                 2       3       4       5       6       8      12      16
   plan_execute          0.020   0.027   0.007   0.007   0.000   0.007   0.027   0.020
   oracle_plan           1.000   1.000   1.000   1.000   1.000   1.000   1.000   1.000
   oracle_ops            0.020   0.027   0.007   0.007   0.000   0.007   0.027   0.020
   oracle_both           1.000   1.000   1.000   1.000   1.000   1.000   1.000   1.000
   n                       150     150     150     150     150     150     150     150
-- novel, original wording, gap recovered
                             2       3       4       5       6       8      12      16
   floor (original)      0.013   0.013   0.013   0.013   0.013   0.013   0.013   0.013
   plan_execute (raw)    0.020   0.027   0.007   0.007   0.000   0.007   0.027   0.020
   ceiling oracle_plan   1.000   1.000   1.000   1.000   1.000   1.000   1.000   1.000
   gap recovered         0.007   0.014  -0.006  -0.006  -0.013  -0.006   0.014   0.007
-- novel, original wording, plan_parses
   condition                 2       3       4       5       6       8      12      16
   plan_execute          1.000   1.000   1.000   0.927   0.253   0.993   0.960   0.933
   oracle_plan           1.000   1.000   1.000   1.000   1.000   1.000   1.000   1.000
   oracle_ops            1.000   1.000   1.000   0.927   0.253   0.993   0.960   0.933
   oracle_both           1.000   1.000   1.000   1.000   1.000   1.000   1.000   1.000
   n                       150     150     150     150     150     150     150     150
-- novel, original wording, well_typed
   condition                 2       3       4       5       6       8      12      16
   plan_execute          1.000   1.000   0.900   0.913   0.240   0.913   0.893   0.853
   oracle_plan           1.000   1.000   1.000   1.000   1.000   1.000   1.000   1.000
   oracle_ops            1.000   1.000   0.900   0.913   0.240   0.913   0.893   0.853
   oracle_both           1.000   1.000   1.000   1.000   1.000   1.000   1.000   1.000
   n                       150     150     150     150     150     150     150     150
-- novel, original wording, exact_gold_plan
   condition                 2       3       4       5       6       8      12      16
   plan_execute          0.000   0.000   0.000   0.000   0.000   0.000   0.000   0.000
   oracle_plan           1.000   1.000   1.000   1.000   1.000   1.000   1.000   1.000
   oracle_ops            0.000   0.000   0.000   0.000   0.000   0.000   0.000   0.000
   oracle_both           1.000   1.000   1.000   1.000   1.000   1.000   1.000   1.000
   n                       150     150     150     150     150     150     150     150
-- novel, original wording, parsed_but_wrong
   condition                 2       3       4       5       6       8      12      16
   plan_execute          0.980   0.973   0.993   0.920   0.253   0.987   0.933   0.913
   oracle_plan           0.000   0.000   0.000   0.000   0.000   0.000   0.000   0.000
   oracle_ops            0.980   0.973   0.993   0.920   0.253   0.987   0.933   0.913
   oracle_both           0.000   0.000   0.000   0.000   0.000   0.000   0.000   0.000
   n                       150     150     150     150     150     150     150     150
   shape plan_execute         {"span": 0.0267, "first": 0.02, "last": 0.02, "largest_single_step_drop": {"from_depth": 3, "to_depth": 4, "drop": 0.02}, "decay_per_depth": -0.0314, "fit_over_depths": [2, 3, 4, 5, 8, 12, 16], "shape": "flat"}
   shape oracle_plan          {"span": 0.0, "first": 1.0, "last": 1.0, "largest_single_step_drop": {"from_depth": 2, "to_depth": 3, "drop": 0.0}, "decay_per_depth": -0.0, "fit_over_depths": [2, 3, 4, 5, 6, 8, 12, 16], "shape": "flat"}
   shape oracle_ops           {"span": 0.0267, "first": 0.02, "last": 0.02, "largest_single_step_drop": {"from_depth": 3, "to_depth": 4, "drop": 0.02}, "decay_per_depth": -0.0314, "fit_over_depths": [2, 3, 4, 5, 8, 12, 16], "shape": "flat"}
   shape oracle_both          {"span": 0.0, "first": 1.0, "last": 1.0, "largest_single_step_drop": {"from_depth": 2, "to_depth": 3, "drop": 0.0}, "decay_per_depth": -0.0, "fit_over_depths": [2, 3, 4, 5, 6, 8, 12, 16], "shape": "flat"}

-- breadth, original wording, accuracy
   condition                 1       2       3       4       5       6
   plan_execute          1.000   1.000   1.000   0.513   0.227   0.133
   oracle_plan           1.000   1.000   1.000   0.000   0.000   0.000
   oracle_ops            1.000   1.000   1.000   0.000   0.000   0.000
   oracle_both           1.000   1.000   1.000   1.000   1.000   1.000
   n                       150     150     150     150     150     150
-- breadth, original wording, gap recovered
                             1       2       3       4       5       6
   floor (original)          .       .       .   0.420       .       .
   plan_execute (raw)    1.000   1.000   1.000   0.513   0.227   0.133
   ceiling oracle_plan   1.000   1.000   1.000   0.000   0.000   0.000
   gap recovered             .       .       .       .       .       .
-- breadth, original wording, plan_parses
   condition                 1       2       3       4       5       6
   plan_execute          1.000   1.000   1.000   1.000   1.000   1.000
   oracle_plan           1.000   1.000   1.000   1.000   1.000   1.000
   oracle_ops            1.000   1.000   1.000   1.000   1.000   1.000
   oracle_both           1.000   1.000   1.000   1.000   1.000   1.000
   n                       150     150     150     150     150     150
-- breadth, original wording, well_typed
   condition                 1       2       3       4       5       6
   plan_execute          1.000   1.000   1.000   1.000   1.000   1.000
   oracle_plan           1.000   1.000   1.000   0.000   0.000   0.000
   oracle_ops            1.000   1.000   1.000   0.000   0.000   0.000
   oracle_both           1.000   1.000   1.000   1.000   1.000   1.000
   n                       150     150     150     150     150     150
-- breadth, original wording, exact_gold_plan
   condition                 1       2       3       4       5       6
   plan_execute          1.000   1.000   1.000   0.000   0.000   0.000
   oracle_plan           1.000   1.000   1.000   1.000   1.000   1.000
   oracle_ops            1.000   1.000   1.000   0.000   0.000   0.000
   oracle_both           1.000   1.000   1.000   1.000   1.000   1.000
   n                       150     150     150     150     150     150
-- breadth, original wording, parsed_but_wrong
   condition                 1       2       3       4       5       6
   plan_execute          0.000   0.000   0.000   0.487   0.773   0.867
   oracle_plan           0.000   0.000   0.000   1.000   1.000   1.000
   oracle_ops            0.000   0.000   0.000   1.000   1.000   1.000
   oracle_both           0.000   0.000   0.000   0.000   0.000   0.000
   n                       150     150     150     150     150     150
   shape plan_execute         {"span": 0.8667, "first": 1.0, "last": 0.1333, "largest_single_step_drop": {"from_depth": 3, "to_depth": 4, "drop": 0.4867}, "decay_per_depth": 0.4341, "half_life_depths": 1.6, "fit_over_depths": [1, 2, 3, 4, 5, 6], "shape": "cliff"}
   shape oracle_plan          {"span": 1.0, "first": 1.0, "last": 0.0, "largest_single_step_drop": {"from_depth": 3, "to_depth": 4, "drop": 1.0}, "decay_per_depth": -0.0, "fit_over_depths": [1, 2, 3], "shape": "cliff"}
   shape oracle_ops           {"span": 1.0, "first": 1.0, "last": 0.0, "largest_single_step_drop": {"from_depth": 3, "to_depth": 4, "drop": 1.0}, "decay_per_depth": -0.0, "fit_over_depths": [1, 2, 3], "shape": "cliff"}
   shape oracle_both          {"span": 0.0, "first": 1.0, "last": 1.0, "largest_single_step_drop": {"from_depth": 1, "to_depth": 2, "drop": 0.0}, "decay_per_depth": -0.0, "fit_over_depths": [1, 2, 3, 4, 5, 6], "shape": "flat"}

-- sequential_paren, original wording, accuracy
   condition                 2       3       4       5       6
   plan_execute          1.000   1.000   0.027   0.033   0.013
   oracle_plan           1.000   1.000   1.000   1.000   1.000
   oracle_ops            1.000   1.000   0.027   0.033   0.013
   oracle_both           1.000   1.000   1.000   1.000   1.000
   n                       150     150     150     150     150
-- sequential_paren, original wording, gap recovered
                             2       3       4       5       6
   floor (original)          .       .       .       .       .
   plan_execute (raw)    1.000   1.000   0.027   0.033   0.013
   ceiling oracle_plan   1.000   1.000   1.000   1.000   1.000
   gap recovered             .       .       .       .       .
-- sequential_paren, original wording, plan_parses
   condition                 2       3       4       5       6
   plan_execute          1.000   1.000   0.993   0.893   0.300
   oracle_plan           1.000   1.000   1.000   1.000   1.000
   oracle_ops            1.000   1.000   0.993   0.893   0.300
   oracle_both           1.000   1.000   1.000   1.000   1.000
   n                       150     150     150     150     150
-- sequential_paren, original wording, well_typed
   condition                 2       3       4       5       6
   plan_execute          1.000   1.000   0.913   0.860   0.287
   oracle_plan           1.000   1.000   1.000   1.000   1.000
   oracle_ops            1.000   1.000   0.907   0.860   0.287
   oracle_both           1.000   1.000   1.000   1.000   1.000
   n                       150     150     150     150     150
-- sequential_paren, original wording, exact_gold_plan
   condition                 2       3       4       5       6
   plan_execute          1.000   1.000   0.000   0.000   0.000
   oracle_plan           1.000   1.000   1.000   1.000   1.000
   oracle_ops            1.000   1.000   0.000   0.000   0.000
   oracle_both           1.000   1.000   1.000   1.000   1.000
   n                       150     150     150     150     150
-- sequential_paren, original wording, parsed_but_wrong
   condition                 2       3       4       5       6
   plan_execute          0.000   0.000   0.967   0.860   0.287
   oracle_plan           0.000   0.000   0.000   0.000   0.000
   oracle_ops            0.000   0.000   0.967   0.860   0.287
   oracle_both           0.000   0.000   0.000   0.000   0.000
   n                       150     150     150     150     150
   shape plan_execute         {"span": 0.9867, "first": 1.0, "last": 0.0133, "largest_single_step_drop": {"from_depth": 3, "to_depth": 4, "drop": 0.9733}, "decay_per_depth": 1.2042, "half_life_depths": 0.58, "fit_over_depths": [2, 3, 4, 5, 6], "shape": "cliff"}
   shape oracle_plan          {"span": 0.0, "first": 1.0, "last": 1.0, "largest_single_step_drop": {"from_depth": 2, "to_depth": 3, "drop": 0.0}, "decay_per_depth": -0.0, "fit_over_depths": [2, 3, 4, 5, 6], "shape": "flat"}
   shape oracle_ops           {"span": 0.9867, "first": 1.0, "last": 0.0133, "largest_single_step_drop": {"from_depth": 3, "to_depth": 4, "drop": 0.9733}, "decay_per_depth": 1.2042, "half_life_depths": 0.58, "fit_over_depths": [2, 3, 4, 5, 6], "shape": "cliff"}
   shape oracle_both          {"span": 0.0, "first": 1.0, "last": 1.0, "largest_single_step_drop": {"from_depth": 2, "to_depth": 3, "drop": 0.0}, "decay_per_depth": -0.0, "fit_over_depths": [2, 3, 4, 5, 6], "shape": "flat"}

-- sequential, paraphrase wording, accuracy
   condition                 1       2       3       4       5       6       7       8      10      12      14      16
   plan_execute@para     0.713   0.360   0.353   0.013   0.013   0.033   0.013   0.007   0.000   0.007   0.013   0.007
   oracle_plan@para      0.713   0.780   0.747   0.753   0.707   0.760   0.733   0.733   0.747   0.747   0.753   0.693
   oracle_ops@para       1.000   0.987   0.993   0.033   0.020   0.033   0.047   0.007   0.000   0.020   0.013   0.013
   oracle_both@para      1.000   1.000   1.000   1.000   1.000   1.000   1.000   1.000   1.000   1.000   1.000   1.000
   n                       150     150     150     150     150     150     150     150     150     150     150     150
-- sequential, paraphrase wording, gap recovered
                             1       2       3       4       5       6       7       8      10      12      14      16
   floor (original)      0.600   0.313   0.293   0.007   0.027   0.020   0.007   0.007       .       .       .       .
   plan_execute (raw)    0.713   0.360   0.353   0.013   0.013   0.033   0.013   0.007   0.000   0.007   0.013   0.007
   ceiling oracle_plan   0.713   0.780   0.747   0.753   0.707   0.760   0.733   0.733   0.747   0.747   0.753   0.693
   gap recovered             .   0.101   0.133   0.008  -0.020   0.018   0.009  -0.000       .       .       .       .
-- sequential, paraphrase wording, plan_parses
   condition                 1       2       3       4       5       6       7       8      10      12      14      16
   plan_execute@para     0.980   0.993   0.993   0.993   0.987   0.987   0.993   0.927   0.947   0.967   0.960   0.920
   oracle_plan@para      0.713   0.780   0.747   0.753   0.707   0.760   0.733   0.733   0.747   0.747   0.753   0.693
   oracle_ops@para       1.000   1.000   1.000   1.000   1.000   1.000   1.000   0.960   0.933   0.973   0.967   0.960
   oracle_both@para      1.000   1.000   1.000   1.000   1.000   1.000   1.000   1.000   1.000   1.000   1.000   1.000
   n                       150     150     150     150     150     150     150     150     150     150     150     150
-- sequential, paraphrase wording, well_typed
   condition                 1       2       3       4       5       6       7       8      10      12      14      16
   plan_execute@para     0.853   0.873   0.887   0.893   0.867   0.867   0.880   0.813   0.853   0.827   0.833   0.787
   oracle_plan@para      0.713   0.780   0.747   0.753   0.707   0.760   0.733   0.733   0.747   0.747   0.753   0.693
   oracle_ops@para       1.000   1.000   1.000   1.000   1.000   1.000   1.000   0.960   0.933   0.973   0.967   0.960
   oracle_both@para      1.000   1.000   1.000   1.000   1.000   1.000   1.000   1.000   1.000   1.000   1.000   1.000
   n                       150     150     150     150     150     150     150     150     150     150     150     150
-- sequential, paraphrase wording, exact_gold_plan
   condition                 1       2       3       4       5       6       7       8      10      12      14      16
   plan_execute@para     0.713   0.347   0.347   0.000   0.000   0.000   0.000   0.000   0.000   0.000   0.000   0.000
   oracle_plan@para      0.713   0.780   0.747   0.753   0.707   0.760   0.733   0.733   0.747   0.747   0.753   0.693
   oracle_ops@para       1.000   0.987   0.993   0.000   0.000   0.000   0.000   0.000   0.000   0.000   0.000   0.000
   oracle_both@para      1.000   1.000   1.000   1.000   1.000   1.000   1.000   1.000   1.000   1.000   1.000   1.000
   n                       150     150     150     150     150     150     150     150     150     150     150     150
-- sequential, paraphrase wording, parsed_but_wrong
   condition                 1       2       3       4       5       6       7       8      10      12      14      16
   plan_execute@para     0.267   0.633   0.640   0.980   0.973   0.953   0.980   0.920   0.947   0.960   0.947   0.913
   oracle_plan@para      0.000   0.000   0.000   0.000   0.000   0.000   0.000   0.000   0.000   0.000   0.000   0.000
   oracle_ops@para       0.000   0.013   0.007   0.967   0.980   0.967   0.953   0.953   0.933   0.953   0.953   0.947
   oracle_both@para      0.000   0.000   0.000   0.000   0.000   0.000   0.000   0.000   0.000   0.000   0.000   0.000
   n                       150     150     150     150     150     150     150     150     150     150     150     150
   shape plan_execute@para    {"span": 0.7133, "first": 0.7133, "last": 0.0067, "largest_single_step_drop": {"from_depth": 1, "to_depth": 2, "drop": 0.3533}, "decay_per_depth": 0.2655, "half_life_depths": 2.61, "fit_over_depths": [1, 2, 3, 4, 5, 6, 7, 8, 12, 14, 16], "shape": "decaying"}
   shape oracle_plan@para     {"span": 0.0867, "first": 0.7133, "last": 0.6933, "largest_single_step_drop": {"from_depth": 14, "to_depth": 16, "drop": 0.06}, "decay_per_depth": 0.0018, "half_life_depths": 385.65, "fit_over_depths": [1, 2, 3, 4, 5, 6, 7, 8, 10, 12, 14, 16], "shape": "flat"}
   shape oracle_ops@para      {"span": 1.0, "first": 1.0, "last": 0.0133, "largest_single_step_drop": {"from_depth": 3, "to_depth": 4, "drop": 0.96}, "decay_per_depth": 0.2807, "half_life_depths": 2.47, "fit_over_depths": [1, 2, 3, 4, 5, 6, 7, 8, 12, 14, 16], "shape": "cliff"}
   shape oracle_both@para     {"span": 0.0, "first": 1.0, "last": 1.0, "largest_single_step_drop": {"from_depth": 1, "to_depth": 2, "drop": 0.0}, "decay_per_depth": -0.0, "fit_over_depths": [1, 2, 3, 4, 5, 6, 7, 8, 10, 12, 14, 16], "shape": "flat"}

-- novel, paraphrase wording, accuracy
   condition                 2       3       4       5       6       8      12      16
   plan_execute@para     0.027   0.040   0.007   0.000   0.000   0.013   0.027   0.020
   oracle_plan@para      0.547   0.547   0.547   0.547   0.547   0.547   0.547   0.547
   oracle_ops@para       0.020   0.027   0.007   0.007   0.000   0.007   0.027   0.020
   oracle_both@para      1.000   1.000   1.000   1.000   1.000   1.000   1.000   1.000
   n                       150     150     150     150     150     150     150     150
-- novel, paraphrase wording, gap recovered
                             2       3       4       5       6       8      12      16
   floor (original)          .       .       .       .       .       .       .       .
   plan_execute (raw)    0.027   0.040   0.007   0.000   0.000   0.013   0.027   0.020
   ceiling oracle_plan   0.547   0.547   0.547   0.547   0.547   0.547   0.547   0.547
   gap recovered             .       .       .       .       .       .       .       .
-- novel, paraphrase wording, plan_parses
   condition                 2       3       4       5       6       8      12      16
   plan_execute@para     0.993   0.980   0.960   0.907   0.253   0.967   0.953   0.940
   oracle_plan@para      0.547   0.547   0.547   0.547   0.547   0.547   0.547   0.547
   oracle_ops@para       1.000   1.000   1.000   0.927   0.253   0.993   0.960   0.933
   oracle_both@para      1.000   1.000   1.000   1.000   1.000   1.000   1.000   1.000
   n                       150     150     150     150     150     150     150     150
-- novel, paraphrase wording, well_typed
   condition                 2       3       4       5       6       8      12      16
   plan_execute@para     0.913   0.913   0.800   0.820   0.220   0.833   0.827   0.787
   oracle_plan@para      0.547   0.547   0.547   0.547   0.547   0.547   0.547   0.547
   oracle_ops@para       1.000   1.000   0.900   0.913   0.240   0.913   0.893   0.853
   oracle_both@para      1.000   1.000   1.000   1.000   1.000   1.000   1.000   1.000
   n                       150     150     150     150     150     150     150     150
-- novel, paraphrase wording, exact_gold_plan
   condition                 2       3       4       5       6       8      12      16
   plan_execute@para     0.000   0.000   0.000   0.000   0.000   0.000   0.000   0.000
   oracle_plan@para      0.547   0.547   0.547   0.547   0.547   0.547   0.547   0.547
   oracle_ops@para       0.000   0.000   0.000   0.000   0.000   0.000   0.000   0.000
   oracle_both@para      1.000   1.000   1.000   1.000   1.000   1.000   1.000   1.000
   n                       150     150     150     150     150     150     150     150
-- novel, paraphrase wording, parsed_but_wrong
   condition                 2       3       4       5       6       8      12      16
   plan_execute@para     0.967   0.940   0.953   0.907   0.253   0.953   0.927   0.920
   oracle_plan@para      0.000   0.000   0.000   0.000   0.000   0.000   0.000   0.000
   oracle_ops@para       0.980   0.973   0.993   0.920   0.253   0.987   0.933   0.913
   oracle_both@para      0.000   0.000   0.000   0.000   0.000   0.000   0.000   0.000
   n                       150     150     150     150     150     150     150     150
   shape plan_execute@para    {"span": 0.04, "first": 0.0267, "last": 0.02, "largest_single_step_drop": {"from_depth": 3, "to_depth": 4, "drop": 0.0333}, "decay_per_depth": -0.0014, "fit_over_depths": [2, 3, 4, 8, 12, 16], "shape": "flat"}
   shape oracle_plan@para     {"span": 0.0, "first": 0.5467, "last": 0.5467, "largest_single_step_drop": {"from_depth": 2, "to_depth": 3, "drop": 0.0}, "decay_per_depth": -0.0, "fit_over_depths": [2, 3, 4, 5, 6, 8, 12, 16], "shape": "flat"}
   shape oracle_ops@para      {"span": 0.0267, "first": 0.02, "last": 0.02, "largest_single_step_drop": {"from_depth": 3, "to_depth": 4, "drop": 0.02}, "decay_per_depth": -0.0314, "fit_over_depths": [2, 3, 4, 5, 8, 12, 16], "shape": "flat"}
   shape oracle_both@para     {"span": 0.0, "first": 1.0, "last": 1.0, "largest_single_step_drop": {"from_depth": 2, "to_depth": 3, "drop": 0.0}, "decay_per_depth": -0.0, "fit_over_depths": [2, 3, 4, 5, 6, 8, 12, 16], "shape": "flat"}

-- breadth, paraphrase wording, accuracy
   condition                 1       2       3       4       5       6
   plan_execute@para     0.253   0.233   0.247   0.207   0.220   0.173
   oracle_plan@para      0.253   0.240   0.207   0.000   0.000   0.000
   oracle_ops@para       1.000   1.000   1.000   0.000   0.000   0.000
   oracle_both@para      1.000   1.000   1.000   1.000   1.000   1.000
   n                       150     150     150     150     150     150
-- breadth, paraphrase wording, gap recovered
                             1       2       3       4       5       6
   floor (original)          .       .       .       .       .       .
   plan_execute (raw)    0.253   0.233   0.247   0.207   0.220   0.173
   ceiling oracle_plan   0.253   0.240   0.207   0.000   0.000   0.000
   gap recovered             .       .       .       .       .       .
-- breadth, paraphrase wording, plan_parses
   condition                 1       2       3       4       5       6
   plan_execute@para     0.993   0.980   0.993   0.987   0.993   1.000
   oracle_plan@para      0.253   0.240   0.413   0.687   0.800   0.907
   oracle_ops@para       1.000   1.000   1.000   1.000   1.000   1.000
   oracle_both@para      1.000   1.000   1.000   1.000   1.000   1.000
   n                       150     150     150     150     150     150
-- breadth, paraphrase wording, well_typed
   condition                 1       2       3       4       5       6
   plan_execute@para     0.253   0.233   0.407   0.673   0.793   0.907
   oracle_plan@para      0.253   0.240   0.287   0.000   0.000   0.000
   oracle_ops@para       1.000   1.000   1.000   0.000   0.000   0.000
   oracle_both@para      1.000   1.000   1.000   1.000   1.000   1.000
   n                       150     150     150     150     150     150
-- breadth, paraphrase wording, exact_gold_plan
   condition                 1       2       3       4       5       6
   plan_execute@para     0.253   0.233   0.287   0.000   0.000   0.000
   oracle_plan@para      0.253   0.240   0.413   0.687   0.800   0.907
   oracle_ops@para       1.000   1.000   1.000   0.000   0.000   0.000
   oracle_both@para      1.000   1.000   1.000   1.000   1.000   1.000
   n                       150     150     150     150     150     150
-- breadth, paraphrase wording, parsed_but_wrong
   condition                 1       2       3       4       5       6
   plan_execute@para     0.740   0.747   0.747   0.780   0.773   0.827
   oracle_plan@para      0.000   0.000   0.207   0.687   0.800   0.907
   oracle_ops@para       0.000   0.000   0.000   1.000   1.000   1.000
   oracle_both@para      0.000   0.000   0.000   0.000   0.000   0.000
   n                       150     150     150     150     150     150
   shape plan_execute@para    {"span": 0.08, "first": 0.2533, "last": 0.1733, "largest_single_step_drop": {"from_depth": 5, "to_depth": 6, "drop": 0.0467}, "decay_per_depth": 0.0643, "half_life_depths": 10.78, "fit_over_depths": [1, 2, 3, 4, 5, 6], "shape": "flat"}
   shape oracle_plan@para     {"span": 0.2533, "first": 0.2533, "last": 0.0, "largest_single_step_drop": {"from_depth": 3, "to_depth": 4, "drop": 0.2067}, "decay_per_depth": 0.1017, "half_life_depths": 6.82, "fit_over_depths": [1, 2, 3], "shape": "decaying"}
   shape oracle_ops@para      {"span": 1.0, "first": 1.0, "last": 0.0, "largest_single_step_drop": {"from_depth": 3, "to_depth": 4, "drop": 1.0}, "decay_per_depth": -0.0, "fit_over_depths": [1, 2, 3], "shape": "cliff"}
   shape oracle_both@para     {"span": 0.0, "first": 1.0, "last": 1.0, "largest_single_step_drop": {"from_depth": 1, "to_depth": 2, "drop": 0.0}, "decay_per_depth": -0.0, "fit_over_depths": [1, 2, 3, 4, 5, 6], "shape": "flat"}

-- sequential_paren, paraphrase wording, accuracy
   condition                 2       3       4       5       6
   plan_execute@para     0.727   0.687   0.027   0.033   0.013
   oracle_plan@para      0.733   0.693   0.727   0.727   0.700
   oracle_ops@para       1.000   1.000   0.027   0.033   0.013
   oracle_both@para      1.000   1.000   1.000   1.000   1.000
   n                       150     150     150     150     150
-- sequential_paren, paraphrase wording, gap recovered
                             2       3       4       5       6
   floor (original)          .       .       .       .       .
   plan_execute (raw)    0.727   0.687   0.027   0.033   0.013
   ceiling oracle_plan   0.733   0.693   0.727   0.727   0.700
   gap recovered             .       .       .       .       .
-- sequential_paren, paraphrase wording, plan_parses
   condition                 2       3       4       5       6
   plan_execute@para     0.947   0.940   0.927   0.867   0.280
   oracle_plan@para      0.733   0.693   0.727   0.727   0.700
   oracle_ops@para       1.000   1.000   0.993   0.893   0.300
   oracle_both@para      1.000   1.000   1.000   1.000   1.000
   n                       150     150     150     150     150
-- sequential_paren, paraphrase wording, well_typed
   condition                 2       3       4       5       6
   plan_execute@para     0.833   0.780   0.700   0.720   0.240
   oracle_plan@para      0.733   0.693   0.727   0.727   0.700
   oracle_ops@para       1.000   1.000   0.913   0.860   0.287
   oracle_both@para      1.000   1.000   1.000   1.000   1.000
   n                       150     150     150     150     150
-- sequential_paren, paraphrase wording, exact_gold_plan
   condition                 2       3       4       5       6
   plan_execute@para     0.727   0.687   0.000   0.000   0.000
   oracle_plan@para      0.733   0.693   0.727   0.727   0.700
   oracle_ops@para       1.000   1.000   0.000   0.000   0.000
   oracle_both@para      1.000   1.000   1.000   1.000   1.000
   n                       150     150     150     150     150
-- sequential_paren, paraphrase wording, parsed_but_wrong
   condition                 2       3       4       5       6
   plan_execute@para     0.220   0.253   0.900   0.833   0.267
   oracle_plan@para      0.000   0.000   0.000   0.000   0.000
   oracle_ops@para       0.000   0.000   0.967   0.860   0.287
   oracle_both@para      0.000   0.000   0.000   0.000   0.000
   n                       150     150     150     150     150
   shape plan_execute@para    {"span": 0.7134, "first": 0.7267, "last": 0.0133, "largest_single_step_drop": {"from_depth": 3, "to_depth": 4, "drop": 0.66}, "decay_per_depth": 1.1028, "half_life_depths": 0.63, "fit_over_depths": [2, 3, 4, 5, 6], "shape": "cliff"}
   shape oracle_plan@para     {"span": 0.04, "first": 0.7333, "last": 0.7, "largest_single_step_drop": {"from_depth": 2, "to_depth": 3, "drop": 0.04}, "decay_per_depth": 0.0046, "half_life_depths": 151.02, "fit_over_depths": [2, 3, 4, 5, 6], "shape": "flat"}
   shape oracle_ops@para      {"span": 0.9867, "first": 1.0, "last": 0.0133, "largest_single_step_drop": {"from_depth": 3, "to_depth": 4, "drop": 0.9733}, "decay_per_depth": 1.2042, "half_life_depths": 0.58, "fit_over_depths": [2, 3, 4, 5, 6], "shape": "cliff"}
   shape oracle_both@para     {"span": 0.0, "first": 1.0, "last": 1.0, "largest_single_step_drop": {"from_depth": 2, "to_depth": 3, "drop": 0.0}, "decay_per_depth": -0.0, "fit_over_depths": [2, 3, 4, 5, 6], "shape": "flat"}
